冬月かえで,https://pbs.twimg.com/profile_images/496532781090877440/7cls93RI.jpeg,AV女優 冬月かえでさんの厳選画像集 (@kaede_love5) | Twitter
冬月かえで,http://blog-imgs-51.fc2.com/m/o/r/moribufc2/fuyuzuki-kaede-003.jpg,冬月かえで （ふゆつきかえで / Fuyutsuki Kaede） AV女優 無料無修正 ...
冬月かえで,http://blog-imgs-86.fc2.com/2/c/h/2chxvideos/20151107022012c98.jpg,お正月にAV女優から直筆年賀状が届くスペシャルオークションが ...
冬月かえで,http://www.nobunaga-event.com/eventchannel/images/eventphoto/1602/fuyutsukikaede/300.jpg,信長書店 アイドルイベント総合情報サイト EventChannel ...
冬月かえで,https://pbs.twimg.com/profile_images/496531954485821440/EPAbeWXj.jpeg,【AV女優】冬月かえでの画像まとめ (@huyutukikaede) | Twitter
冬月かえで,http://livedoor.blogimg.jp/luckys4900/imgs/c/6/c651c891.png,冬月かえでが完全に菜々緒な件 : ギャンブラー2ちゃんねる ...
冬月かえで,http://www.girlsnews.tv/reimage/w1000/img20141007fuyutukikaede3.jpg,"1000+ images about 冬月 かえで on Pinterest | Actresses, Galaxies and Be kind"
冬月かえで,https://blog-001.west.edge.storage-yahoo.jp/res/blog-08-eb/xxayt2589yywmkw235753/folder/1587177/67/64422367/img_0_m?1466668081,くびれもあって美人で良いですね・・・同じ様に感じた人は ...
冬月かえで,http://art9.photozou.jp/pub/148/324148/photo/59843436_624.jpg,画像 : 冬月かえでが好きな人の為の画像集★ - NAVER まとめ
冬月かえで,https://www.shosen.co.jp/wp-content/uploads/2015/10/gb_201511081200_main.jpg,冬月かえでさん 2016年版カレンダー発売記念イベント（神保町 ...
冬月かえで,http://www.prestige-av.com/images/actress_page/fuyutuki/photo_01/03.jpg,冬月かえでの画像 p1_10
冬月かえで,https://www.shosen.co.jp/wp-content/uploads/2015/08/8181def65d2544a1ec633e30ce29692e-494x700.jpg,『冬月かえで写真集 ベル・エラーブル』発売記念 冬月かえで ...
冬月かえで,https://s-media-cache-ak0.pinimg.com/736x/2f/1e/cf/2f1ecfe3fa5712314e862c9295250613.jpg,「Models and Av Actress」のおしゃれアイデアまとめ｜Pinterestに関連 ...
冬月かえで,https://s-media-cache-ak0.pinimg.com/originals/fe/b7/16/feb716eda5460f39ebe9b54f2c4f32b9.jpg,「sexy」おしゃれまとめの人気アイデア｜Pinterest ｜conrad ox4 ...
冬月かえで,http://blog-imgs-44.fc2.com/2/j/i/2ji3jieropicture/2013120410-012.jpg,冬月かえで画像まとめ100枚 エロ画像まとめ 多次元えろぐ
冬月かえで,http://livedoor.blogimg.jp/sellmax/imgs/2/5/251aeb0f-s.jpg,セルマックスのブログ : 冬月かえでちゃん サイン会開催！！
冬月かえで,http://stat.news.ameba.jp/news_images/20141008/22/6e/QV/j/t02010300img20141007fuyutukikaede1.jpg,セクシー女優 冬月かえでが歌手デビュー めっちゃ、うれしいで！
冬月かえで,https://images.supermm.jp/ec/products/431/431329/431329_ml.jpg,冬月かえでの、いっぱいコスって萌えてイこう！|TSUTAYA/ツタヤ ...
冬月かえで,https://www.shosen.co.jp/wp-content/uploads/2015/10/t9_151003huuyutsuki_kaede02-830x553.jpg,『冬月かえで写真集 ベル・エラーブル』発売記念 冬月かえで ...
冬月かえで,https://www.shosen.co.jp/wordpress/wp-content/uploads/2015/11/1a0b951d5d8c526e62c582ff8c7e69b6.jpg,冬月かえでさん 2016年版カレンダー発売記念イベント（神保町 ...
冬月かえで,https://www.shosen.co.jp/wp-content/uploads/2015/11/IMG_3049-830x622.jpg,冬月かえでさん 2016年版カレンダー発売記念イベント（神保町 ...
冬月かえで,http://livedoor.blogimg.jp/matsurinoato1/imgs/3/3/3357f382.jpg,ぼくの人生はAVだけ:寂しい - livedoor Blog（ブログ）
冬月かえで,https://i.pinimg.com/736x/8a/fc/a9/8afca91a0d8d8fdbf914d3116913f139--galaxies.jpg,"20 best 冬月かえで images on Pinterest | Asian beauty, Galaxies and Angel s"
冬月かえで,http://www.kaitorimax.com/signkai/2015/0510_fuyutsuki_kaede/img/fuyutsuki_kaede_heder.jpg,DVD・ビデオ・本・買います/買取りまっくす/サイン会レポート
冬月かえで,https://www.shosen.co.jp/wordpress/wp-content/uploads/2015/11/IMG_3780_2-225x300.jpg,冬月かえでさん 2016年版カレンダー発売記念イベント（神保町 ...
冬月かえで,http://stat.ameba.jp/user_images/20141011/19/amiarigato/d5/62/j/o0480064013094632946.jpg,そのままの君でいて | サブblog・ありがとうぁみの「父さん、母 ...
冬月かえで,https://s-media-cache-ak0.pinimg.com/736x/2f/6d/8e/2f6d8ea8fdaa1b9f243d92eea0c40988--galaxies.jpg,132 best images about Kaede Fuyutsuki on Pinterest
冬月かえで,http://tora-ikebukuro.jp/sys_img/tora/cast/1420/4/141050710022_shusei_1.jpg,冬月かえでさんのプロフィール｜池袋風俗 大塚 デリヘル CLUB虎 ...
冬月かえで,http://www.prestige-av.com/images/prestige_news_20150818/prestige_news_160428_fuyutuki/01.jpg,冬月かえでとエスカレートし過ぎるドしろーと男がイク ...
冬月かえで,https://pbs.twimg.com/media/BuQyIAlCEAAL6-l.jpg,【AV女優】冬月かえでの画像まとめ (@huyutukikaede) | Twitter
冬月かえで,http://livedoor.blogimg.jp/nanjsaikouya/imgs/f/9/f9035c9f-s.jpg,【画像あり】 白石麻衣のミニスカ太ももがヤバいwwwwwwwww : 兄弟 ...
冬月かえで,https://s-media-cache-ak0.pinimg.com/736x/86/a8/67/86a867b01e97005469d7d1418d28493a--costum-actresses.jpg,132 best images about Kaede Fuyutsuki on Pinterest
冬月かえで,http://livedoor.blogimg.jp/mis_akihabara/imgs/6/5/65ee44f4-s.jpg,8月25日(火)冬月かえでちゃんサイン会！ : MIS秋葉原店のﾌﾞﾛｸﾞ
冬月かえで,http://livedoor.blogimg.jp/nanjsaikouya/imgs/8/f/8f0a7343-s.jpg,【速報】冬月かえでのスッピンが佐々木希レベルwwwwwww（画像 ...
冬月かえで,http://sexy.nifty.com/img/a/idol/wwwniftycom/dgc-value/sample/201009/UGM046D1009/01_l.jpg,冬月かえでの画像 - 原寸画像検索
冬月かえで,https://www.av-event.jp/event/4e13b635684b22e70e548a7fca15077d.jpg,【プレステージ】 5月27日（金） 専属 冬月かえで 秋葉原 サイン ...
冬月かえで,http://stat.ameba.jp/user_images/20101031/23/fox-one/dd/23/j/t02200330_0400060010832908194.jpg,ソフマップ パソコン館 : 「これ見て安眠しよう」冬月かえでの ...
冬月かえで,http://hamatetsu.sakura.ne.jp/wp-content/uploads/2014/01/6fbd839e206fe0a3693a9c20283bc6c3.jpg,冬月かえで投稿画像204枚
冬月かえで,http://stat.ameba.jp/user_images/20121120/23/ruka-kurata/a3/1e/p/o0480064012295477460.png,冬月かえでの画像 - BIGLOBE画像検索
冬月かえで,http://hamatetsu.sakura.ne.jp/wp-content/uploads/2013/07/091fc41a4b9f4bf10b30fb2140d430a9.jpg,冬月かえで&ladyboyおなべ
冬月かえで,http://blog-imgs-53.fc2.com/2/c/h/2chxvideos/img20141007fuyutukikaede2.jpg,【画像】AV女優・冬月かえでがソフマップに登場！めちゃくちゃ ...
冬月かえで,http://s.okmusic.jp/news_images/images/394215/original.jpg?1412805669,セクシー女優 冬月かえでが歌手デビュー “めっちゃ、うれしい ...
冬月かえで,http://www.kaitorimax.com/signkai/2014/1025_fuyutsuki_kaede/img/fuyutsuki_kaede_heder.jpg,DVD・ビデオ・本・買います/買取りまっくす/サイン会レポート
冬月かえで,http://www.tsutaya.co.jp/adult/aflo/img/main_vol27_03.jpg,冬月かえでの画像 - 原寸画像検索
冬月かえで,http://image.news.livedoor.com/newsimage/2/7/27d11_226_b463275e5957243e6812feb0ab8f4bee-m.jpg,冬月かえで＆栗林里莉が撮影会—香港 日本のセクシー女優たち ...
冬月かえで,http://www.up-fc.jp/helloproject/member/egg/2013mar/wp-content/uploads/2014/12/img_9386.jpg,冬月かえで投稿画像&ladyboyおなべ
冬月かえで,http://img.weibonvren.com/UpLoad/2011/07-17/f5827a97-f337-4255-95b3-453ecb03be47.jpg,冬月かえでの画像 - 原寸画像検索
冬月かえで,https://pbs.twimg.com/media/CEoH_olVAAA_hvd.jpg,"信長書店 イベントチャンネル on Twitter: ""#冬月かえで #イベント ..."
冬月かえで,http://www.otakupalace.com/wp-content/uploads/2014/08/pJqUpp2ekZ6Wpw.jpg,Now on Sale – Hardcore Entries from AV Open 2014 | Otaku Palace
冬月かえで,https://www.shosen.co.jp/wordpress/wp-content/uploads/2015/10/t9_151003huuyutsuki_kaede06-269x300.jpg,『冬月かえで写真集 ベル・エラーブル』発売記念 冬月かえで ...
冬月かえで,http://image.space.rakuten.co.jp/d/strg/ctrl/2/5728a40613e1954c4e831b0be03cf1635d46bc69.01.2.2.2.jpg?thum=53,画像 : 冬月かえでが好きな人の為の画像集★ - NAVER まとめ
冬月かえで,https://pbs.twimg.com/media/BuQ0PaMCQAEGml1.jpg,AV女優 冬月かえでさんの厳選画像集 (@kaede_love5) | Twitter
冬月かえで,http://4u-beautyimg.com/s2/l/201608/7c0278d4f5b3fe1fcd8a978e76a87cb0.jpg,OLの冬月かえでの画像｜美人画像・美女画像投稿サイトの4U
冬月かえで,http://image.space.rakuten.co.jp/d/strg/ctrl/2/10f4e7ca22f241ed26e29400c1fab315e5547b07.01.2.2.2.jpg?thum=53,画像 : 冬月かえでが好きな人の為の画像集★ - NAVER まとめ
冬月かえで,http://stat.ameba.jp/user_images/20101031/23/fox-one/43/41/j/t02200330_0400060010832908187.jpg,ソフマップ パソコン館｜茨（城）の園 : 「これ見て安眠しよう ...
冬月かえで,http://hamatetsu.sakura.ne.jp/wp-content/uploads/2014/01/7d0b0f948abf4e08e7899ae31ab38f46.jpg,冬月かえで投稿画像&ladyboyおなべ
冬月かえで,http://4u-beautyimg.com/s2/l/201706/7541677b20f69d50eb47ea3b20a88f8a.jpg,美人画像・美女画像投稿サイトの4U
冬月かえで,http://www.hairstudio-donna.com/kasai_blog/upload_images/%E3%83%A6%E3%83%81%E3%83%A7%E3%83%B3.JPG,冬月かえで306枚&ladyboyおなべ
冬月かえで,http://cfile9.uf.tistory.com/image/1551891C4C8CE60C899A1D,冬月かえでの画像 - 原寸画像検索
冬月かえで,https://pbs.twimg.com/media/BuQ21duCQAAcSX3.jpg,元レースクイーン☆AV女優冬月かえでの画 (@kaedechan_av) | Twitter
冬月かえで,https://blog-imgs-61-origin.fc2.com/p/o/c/pocketbooks777/20141104092907b0a.jpg,冬月かえでさんイベント報告 - 神奈川の大型DVDショップ～メガ ...
冬月かえで,http://livedoor.blogimg.jp/av1hide/imgs/e/8/e8b8bab6.JPG,撮影会三昧 : 冬月かえで、～ソフマップ12/13
冬月かえで,http://www.kaitorimax.com/signkai/2009/fuyutsuki_kaede/img/fuyutsuki_heder.jpg,DVD・ビデオ・本・買います/買取りまっくす/サイン会レポート
冬月かえで,http://www53.tok2.com/home2/ldfjq/up/src/maturi55_0423.jpg,冬月かえで投稿画像&PACIFIC GIRLSあいこ
冬月かえで,http://blog-imgs-58-origin.fc2.com/c/h/o/choirkaede/20140113_110427000_iOS.jpg,冬月かえで211枚
冬月かえで,http://www.tokyo-sports.co.jp/wp-content/uploads/2014/10/c638cf32e7079d679b5113d5b948709f-300x288.jpg,セクシー女優・冬月かえでがCDデビュー 岡本真夜の名曲をカバー
冬月かえで,https://pds.exblog.jp/pds/1/201409/24/45/f0130545_1730339.jpg,超人気セクシーアイドルがフレンズに連続降臨ッ!! : バンド ...
冬月かえで,http://blogimg.goo.ne.jp/user_image/5b/2c/e7feee4c1b50f034b86a82ae12a890df.jpg,冬月かえで&ladyboyおなべ
冬月かえで,https://pbs.twimg.com/media/BuQzxL4CQAAR8d7.jpg,"AV女優 冬月かえでさんの厳選画像集 on Twitter: ""正統派美人AV女優 ..."
冬月かえで,https://i.ytimg.com/vi/fPiQVUpQNro/maxresdefault.jpg,【かわいすぎてごめん】冬月かえでちゃんの映像を ...
冬月かえで,http://www.niuzaiwo.com/uploads/allimg/161008/1-16100R35225a5.jpg,盘点冬月枫（番号）出道所有作品冬月かえで高清封面【更新至 ...
冬月かえで,http://blog-imgs-63.fc2.com/s/u/k/sukeb69/006_20140528020358fd3.jpg,AV女優 冬月かえでセクシーエロ画像 120枚 おまんこエロ画像
冬月かえで,https://pbs.twimg.com/media/BuQ2sWLCMAAnhKz.jpg,"元レースクイーン☆AV女優冬月かえでの画 on Twitter: ""元レース ..."
冬月かえで,http://img.weibonvren.com/UpLoad/2011/07-17/fbb261c2-a770-4094-bd89-30c5461b2b17.jpg,冬月かえでの画像 - 原寸画像検索
冬月かえで,http://xunleicili.org/wp-content/uploads/2016/06/dy0628-2.png,dy0628 (2)
冬月かえで,https://jp.netcdn.space/digital/video/118abp00292/118abp00292jp-2.jpg,"ABP-292 ABP-292 Kaede Fuyutsuki 's Reckless, Escalating Reverse Pick Ups-Javow"
冬月かえで,http://blog-imgs-61-origin.fc2.com/p/o/c/pocketbooks777/2014110409290472e.jpg,神奈川の大型DVDショップ～メガポケット相模原16号店～冬月 ...
冬月かえで,https://i.pinimg.com/736x/74/95/5d/74955d2c7a457981fe401d3abb85af01--vol--galaxies.jpg,"23 besten 冬月かえで Bilder auf Pinterest | Schauspielerinnen, Kleine bank und ..."
冬月かえで,http://img.kb-cdn.com/imgviewer/NVpIM2ptOHhYRzVmUk5rM1NrNlFxYVV6enV4aGk2UFRJMmxPckdDUUVNYkhZeEdLNnlNYVpvaFNPelZkMUN3bE5INWExZEZBb2FHRkRrZWRIb0psenRqa1VETkV2S0J5TlVFMjYxM1QvWFNEZEJtaGV3NGFpY1V4ZjNnUTlCNW9VYjcvTHo5akhQa0xGUmo2Nzg0eEF5ckhWTVkzSXZtaENyM0dja2t1UERPZ3M4YW5Ca2xMRWVvWXFMUWc2MW5uNHd1bzJ2OWMvcHlkMlY1cU50akVqZz09?square=0,冬月かえでのスマホ壁紙 検索結果 [5] 画像数219枚 | 壁紙.com
冬月かえで,http://img.erogazou-pinkline.com/wp-content/uploads/2015/10/fuyutsuki_kaede-1186-074.jpg,冬月かえでのスレンダー美脚が美しすぎるヌード画像 | エロ ...
冬月かえで,http://www.niuzaiwo.com/uploads/allimg/161008/1-16100R34444c1.jpg,盘点冬月枫（番号）出道所有作品冬月かえで高清封面【更新至 ...
冬月かえで,http://livedoor.blogimg.jp/fuyutuki23/imgs/a/9/a9a332f7.jpg,冬月 かえでのblog
冬月かえで,http://pds.exblog.jp/pds/1/200901/12/25/c0103425_21595347.jpg,冬月かえで投稿画像&ladyboyおなべ
冬月かえで,http://blog-imgs-61-origin.fc2.com/p/o/c/pocketbooks777/20141104092738016s.jpg,神奈川の大型DVDショップ～メガポケット相模原16号店～冬月 ...
冬月かえで,http://livedoor.blogimg.jp/victorkk/imgs/e/9/e9129c8f.jpg,冬月かえでの画像 - BIGLOBE画像検索
冬月かえで,http://www.ichigenya.com/blog/yanagibashi/wp-content/uploads/2009/05/fuyutsuki22.JPG,冬月かえでPACIFIC GIRLSあいこ投稿画像
冬月かえで,http://www.hondacars-fujiedachuo.com/chief-blog/wp-content/uploads/sainouyoko.jpg,冬月かえで306枚&ladyboyおなべ
冬月かえで,https://pbs.twimg.com/media/BuQzdssCYAEddfB.jpg,AV女優 冬月かえでさんの厳選画像集 (@kaede_love5) | Twitter
冬月かえで,http://img.kb-cdn.com/imgviewer/NVpIM2ptOHhYRzVmUk5rM1NrNlFxYVV6enV4aGk2UFRJMmxPckdDUUVNYkhZeEdLNnlNYVpvaFNPelZkMUN3bE5INWExZEZBb2FHRkRrZWRIb0psemgxWWxVbzBEUFlqWUZGSWQ1cHJvZGZRZUhKdjdicjNwMkJUQ3k2UnU2akU1a0JxZTZVTFlpSU9DaGp0a1FDaVVhU01GaTk3SE9mTGVwbC9CWDVOa2cyQU9jMlFJaHFlZmE5cjdLTHUxQVcxVGk2M2krblVlb21kMGREdGkzb0xHdz09?square=0,冬月かえでのスマホ壁紙 検索結果 [5] 画像数233枚 | 壁紙.com
冬月かえで,http://blog-imgs-58.fc2.com/t/r/e/trendbooks/IMG_0001.jpg,関西トレンド書店のブログ（・ω・） |# 7/14冬月かえでさん ...
冬月かえで,https://pbs.twimg.com/media/BuQ2a8BCYAAn2jF.jpg,元レースクイーン☆AV女優冬月かえでの画 (@kaedechan_av) | Twitter
冬月かえで,https://i.pinimg.com/736x/04/18/b9/0418b9fc2dcb684d52d41ab1b10adcd6--girl-style-good-good.jpg,"58 best 冬月かえで images on Pinterest | Asian fashion, Office ladies and Asian ..."
冬月かえで,http://articleimage.nicoblomaga.jp/image/34/2013/b/3/b3454ae0d1dda777ab75b96c4ea4e6dc09676a9b1373990545.jpg,冬月かえで投稿画像&PACIFIC GIRLSあいこ
冬月かえで,http://img.kb-cdn.com/imgviewer/NVpIM2ptOHhYRzVmUk5rM1NrNlFxYVV6enV4aGk2UFRJMmxPckdDUUVNYkhZeEdLNnlNYVpvaFNPelZkMUN3bE5INWExZEZBb2FHRkRrZWRIb0psenM4N200UHRPNXlMSGxiemx2ekZXKzNFQ0dzQ2tHcklJbEtwSDhSV1JYQXZMMFhBaUdvUDZzY2xLYzJUTnpjNlFyUVlVc1R3Snl1WEhyVVAvVG52TytRRWNERGh2cjJjYy9CQ2RDVGVEWWxuRmJ5T3VvU3dTcFFwVVhzelVDQitaUT09?square=0,冬月かえでのスマホ壁紙 検索結果 [5] 画像数233枚 | 壁紙.com
冬月かえで,https://images-na.ssl-images-amazon.com/images/I/91gIhjUsZML._SL1500_.jpg,wintermoon冬月かえで投稿画像&dek24sideline.com@@!!part4[[[[[[
冬月かえで,https://s-media-cache-ak0.pinimg.com/736x/4c/14/52/4c1452a5a1e84121992a16d1b05c0d27.jpg,"577 best images about Asian on Pinterest | Sexy asian girls, Asian beauty and Sexy asian"
冬月かえで,https://images-na.ssl-images-amazon.com/images/I/41pYEZMcJkL.jpg,冬月かえでの画像、写真集とDVD。
冬月かえで,https://blog-imgs-61-origin.fc2.com/p/o/c/pocketbooks777/20141104092735988.jpg,神奈川の大型DVDショップ～メガポケット相模原16号店～冬月 ...
冬月かえで,http://livedoor.blogimg.jp/himasoku123/imgs/9/b/9b9a23bf.jpg,【画像あり】顔とスタイルがどちらとも一流なAV女優wwwwww : 暇人 ...
冬月かえで,http://cfile22.uf.tistory.com/image/1751891C4C8CE5F674674B,maxav :: [DGC]_873_冬月かえで_Kaede_Fuyutsukie
冬月かえで,http://image.space.rakuten.co.jp/lg01/89/0001109689/42/img121ca88bzik9zj.jpeg,冬月かえで
冬月かえで,https://i.ytimg.com/vi/zTQvXDRI2C8/maxresdefault.jpg,冬月かえで投稿画像264枚&ladyboyおなべ
冬月かえで,http://img.weibonvren.com/UpLoad/2011/07-17/40a66f95-a4b2-4ef3-9dc4-6f0ac8b22ab7.jpg,冬月かえでの画像 - 原寸画像検索
冬月かえで,http://img.kb-cdn.com/imgviewer/NVpIM2ptOHhYRzVmUk5rM1NrNlFxYVV6enV4aGk2UFRJMmxPckdDUUVNYkhZeEdLNnlNYVpvaFNPelZkMUN3bE5INWExZEZBb2FHRkRrZWRIb0psemxFNVM3SVF5bmhiUWZhdGFuNjN1SmxHa1lrMlNUTitqOXVwVmRCM2JvdVRXalRiaGRURXlONmxXQ29HelVkTENVYmVLOE9MakdrS2lNMU5PSmZjbVk2Q2dRNHMzNlhFQnM4L1VkK0hMcis5bGc2SXM0SWNxVG1pTFphaUptTDlkZz09?square=0,冬月かえでのスマホ壁紙 検索結果 [5] 画像数173枚 | 壁紙.com
冬月かえで,http://pds.exblog.jp/pds/1/200901/19/25/c0103425_21125462.jpg,冬月かえで投稿画像&PACIFICGIRLSまちこ
冬月かえで,http://img.kb-cdn.com/imgviewer/Q2R4UHZGbnlsYktYY2xMRktwMUFIaTJCckFCaTI2TUZ1U3RRc2lzS05wUXB2MVJ3L2tLcUhDOXIzd1FkZExrOGc5NHQycXJuUVhSVW0zeU5VRENjN3JpdFByNis3bUlUWml5TmJyelorN0RUdUpOa3lmLzY0WFBpUkZzd285ajhXLytnMWk2ZldBdTFmWlhPVTZ2OWdOanp2TTFBSlUxTGg0Q0lpR0M0Sklxd2piT1I2bCs1dmUzdCtyMlhLZUJzV2tjMFBNS1F6aEI3dmRMRnZxdWpYQT09?square=0,冬月かえでのスマホ壁紙 検索結果 [5] 画像数219枚 | 壁紙.com
冬月かえで,https://pbs.twimg.com/media/BuQxo0MCMAEJreU.jpg,【AV女優】冬月かえでの画像まとめ (@huyutukikaede) | Twitter
冬月かえで,http://g4.ykimg.com/0100641F46522D34A30492049C5CB7AFFAA702-28AD-670E-4B82-D35F966C5F18,日本爱情动作片 日本31年历史见证 - 专辑 - 优酷视频
冬月かえで,http://img.kb-cdn.com/imgviewer/Q2R4UHZGbnlsYktYY2xMRktwMUFIaTJCckFCaTI2TUZ1U3RRc2lzS05wUytOZWVrUTNmbWVSZlpETU5Ub1RDUFc5YngzLzNmYTZaMlBPeTZmODJMSTVhRUplTmRLOFB5VWhkYWhtTXZ1eHExTjZ3ZlRHZW9EdkRaSFJPb3RIZGNqSjI2THBZN2xPUUxqK1NMSWFoK0tBanh6UVdVSEZxY2VQMStNTkV3MU5ZNEVwV01ZOFk3K01razFSSklKUnk3?square=0,冬月かえでのスマホ壁紙 検索結果 [1] 画像数105枚 | 壁紙.com
冬月かえで,https://s-media-cache-ak0.pinimg.com/736x/1d/f9/18/1df91836b149811a5ebfba750b1a54e7.jpg,"1000+ images about 冬月 かえで on Pinterest | Sexy, Trainers and Posts"
冬月かえで,http://4u-beautyimg.com/thumb/l/l_07802c91529b5bfcea993a91e10de81b.jpg,冬月かえでの画像｜美人画像・美女画像投稿サイトの4U
冬月かえで,http://stat.ameba.jp/user_images/20120619/13/who-is-sifu-n/fb/39/j/t02200147_0800053312036097325.jpg,冬月かえでと菜々緒は似ている？| そっくり?soKKuri?
冬月かえで,http://blog-imgs-58.fc2.com/s/u/m/sumomochannel/1561-01s.jpg,冬月かえでスレンダーお姉さんのエロ画像 80枚 エロ画像すもも ...
冬月かえで,http://www.stereosound.co.jp/column/idollove/article/2015/05/23/00b%201N5C8686_1.jpg,冬月かえで投稿画像&PACIFIC GIRLSあいこ
冬月かえで,http://img.aacdn.jp/gm/article/b/393544/034.jpg,画像 34/65：2012年「スーパー耐久レース」第2戦（もてぎ）速報 ...
冬月かえで,http://www.kaitorimax.com/signkai/2009/fuyutsuki_kaede/img/5.jpg,DVD・ビデオ・本・買います/買取りまっくす/サイン会レポート
冬月かえで,http://blog-imgs-58.fc2.com/t/r/e/trendbooks/IMG_0023_20130716135317.jpg,関西トレンド書店のブログ（・ω・） |# 7/14冬月かえでさん ...
冬月かえで,https://i.pinimg.com/736x/cc/de/0b/ccde0be281b449bd2beb3405095e79fd--blog-entry-dashboards.jpg,「ｺｽ」のおすすめ画像 73 件 | Pinterest | アジア美人、コスプレ ...
冬月かえで,http://img.kb-cdn.com/imgviewer/NVpIM2ptOHhYRzVmUk5rM1NrNlFxYVV6enV4aGk2UFRJMmxPckdDUUVNYkZQMVpSVjUzZGlFbkszM0ZBVlhOZHJiL0J2bUxZaEZBZVZqaVRkeHd5YVBjejIyYUJoK1drc1BvS1dZeldOc2VCbkpiSlpJN0tDTDA2TVJVSjdIL3Vpd1plSURtSkdRYmxCUldQVDMybWFZTldpZk9QbTN3Ykl4RUdUc05PMnY5Z0lyOE4wOERCYjdUdGczNEtsc1oveWt4NmtTYnJyNVZVMW5ZN2VFb1FzbVg4V2t3cTY2dmlHNGFyakJIYW5zWjFmM1FTdldZLzhzd0RjOXB4SlQyYg==?square=0,冬月かえでのスマホ壁紙 検索結果 [1] 画像数168枚 | 壁紙.com
冬月かえで,http://stat.ameba.jp/user_images/20130504/07/shinku06z04/7e/2c/j/o0800053412524557176.jpg,冬月かえでと菜々緒は似ている？| そっくり?soKKuri?
冬月かえで,http://hamatetsu.sakura.ne.jp/wp-content/uploads/2016/01/aa59d0c526c313508da48b09e08d1c4a.jpg,冬月かえで211枚
冬月かえで,http://images.dansen-web.com/article/sub/32/4216332-1-2.jpg,【ジョーホー即生即出し】冬月かえでがしっとりと大人の歌を ...
冬月かえで,http://imgsrc.baidu.com/forum/w%3D580/sign=453cde96257f9e2f70351d002f31e962/b24621a4462309f774e5c162700e0cf3d6cad6c1.jpg,pgd 544-西条琉璃/水咲萝拉/桥本凉/上原亚衣
冬月かえで,http://blog-imgs-61-origin.fc2.com/p/o/c/pocketbooks777/20141104092739642.jpg,神奈川の大型DVDショップ～メガポケット相模原16号店～冬月 ...
冬月かえで,http://img.kb-cdn.com/imgviewer/QlJiYmF6Y212bHRtTFBTd1lxVENGUzJCckFCaTI2TUZ1U3RRc2lzS05wUnVyVitLWUdlY3lwSzVmMWlIVm9GTmc5NHQycXJuUVhSVW0zeU5VRENjN3JpdFByNis3bUlUWml5TmJyelorN0FRbmJFNlVWcmpTSWF5VnFqNUlqbkEyaC9wWDBuT3ljc2tZM1RLYVJ5ampXdzV2cFFxaUE0UVU5Y2s4QU9XSTZpRDhodm5iS2krYlZzeTQ4ZEZ4bEcxV2tjMFBNS1F6aEI3dmRMRnZxdWpYQT09?square=0,冬月かえでのスマホ壁紙 検索結果 [1] 画像数105枚 | 壁紙.com
冬月かえで,http://blog-imgs-55.fc2.com/t/r/e/trendbooks/IMG_0031.jpg,トレンド書店（大阪・和歌山）のブログ（・ω・） |7/13 冬月 ...
冬月かえで,http://www.kaitorimax.com/signkai/2009/fuyutsuki_kaede/img/20.jpg,DVD・ビデオ・本・買います/買取りまっくす/サイン会レポート
冬月かえで,http://stat.ameba.jp/user_images/20130417/05/shinku06z04/9d/39/j/o0683102412503427877.jpg,冬月かえでと菜々緒は似ている？| そっくり?soKKuri?
冬月かえで,http://www.kaitorimax.com/signkai/2009/fuyutsuki_kaede/img/13.jpg,DVD・ビデオ・本・買います/買取りまっくす/サイン会レポート
冬月かえで,http://blog-imgs-61-origin.fc2.com/p/o/c/pocketbooks777/20141104092907a2a.jpg,神奈川の大型DVDショップ～メガポケット相模原16号店～冬月 ...
冬月かえで,http://livedoor.blogimg.jp/sw_m29_44_magnum/imgs/1/a/1a8796ee.jpg,0．58世紀少年の逆襲
冬月かえで,https://i.pinimg.com/736x/d0/57/93/d0579306706fb2c3e1d7102b7695f49d--idol-belle.jpg,「冬月かえで」のおすすめ画像 20 件 | Pinterest | アジア美人 ...
冬月かえで,http://www.hairstudio-donna.com/kasai_blog/upload_images/DSC00335.JPG,冬月かえでPACIFIC GIRLSあいこ投稿画像306枚
冬月かえで,http://livedoor.blogimg.jp/nanjsaikouya/imgs/3/4/345d685c-s.jpg,【画像あり】 冬月かえでとか言う菜々緒似美女wwwwwwwwwww : 兄弟 ...
冬月かえで,http://blog-imgs-58.fc2.com/t/r/e/trendbooks/IMG_0048.jpg,関西トレンド書店のブログ（・ω・） |# 7/14冬月かえでさん ...
冬月かえで,http://www.kaitorimax.com/signkai/2009/fuyutsuki_kaede/img/11.jpg,DVD・ビデオ・本・買います/買取りまっくす/サイン会レポート
冬月かえで,http://blog-imgs-55.fc2.com/t/r/e/trendbooks/IMG_0084.jpg,トレンド書店（大阪・和歌山）のブログ（・ω・） |7/13 冬月 ...
冬月かえで,http://livedoor.blogimg.jp/horsenews_orz/imgs/8/f/8f378c8f.jpg,冬月かえで
冬月かえで,http://www.kaitorimax.com/signkai/2015/0510_fuyutsuki_kaede/img/5.jpg,DVD・ビデオ・本・買います/買取りまっくす/サイン会レポート
冬月かえで,http://www.kaitorimax.com/signkai/2015/0510_fuyutsuki_kaede/img/7.jpg,DVD・ビデオ・本・買います/買取りまっくす/サイン会レポート
冬月かえで,http://blog-imgs-55.fc2.com/t/r/e/trendbooks/IMG_0009.jpg,トレンド書店（大阪・和歌山）のブログ（・ω・） |7/13 冬月 ...
冬月かえで,http://www.kaitorimax.com/signkai/2014/1025_fuyutsuki_kaede/img/5.jpg,DVD・ビデオ・本・買います/買取りまっくす/サイン会レポート
冬月かえで,http://blog-imgs-55.fc2.com/t/r/e/trendbooks/IMG_0097_20130724131134.jpg,トレンド書店（大阪・和歌山）のブログ（・ω・） |7/13 冬月 ...
冬月かえで,http://mdsweb.co.jp/wp-content/uploads/DSC05055-e1450924806627.jpg,冬月かえで投稿画像&PACIFIC GIRLSあいこ
冬月かえで,http://blog-imgs-61-origin.fc2.com/p/o/c/pocketbooks777/DSCF2469.jpg,神奈川の大型DVDショップ～メガポケット相模原16号店～
冬月かえで,http://www.kaitorimax.com/signkai/2014/1025_fuyutsuki_kaede/img/8.jpg,DVD・ビデオ・本・買います/買取りまっくす/サイン会レポート
冬月かえで,http://www.shiseikan-e.sapporo-c.ed.jp/DVC00%2013%208.jpg,冬月かえでと菜々緒は似ている？| そっくり?soKKuri?
冬月かえで,http://kobadent.superplimo.com/asset/images_staff02.jpg,小林明子の画像 - 原寸画像検索
冬月かえで,http://okada-sayaka.mato.media/assets/img/pic/21530.jpg,岡田紗佳のまとめサイト | (^ ^) 2ちゃんねる（岡田紗佳 ...
冬月かえで,http://livedoor.blogimg.jp/nishino_shou/imgs/4/9/4999feaa.jpg,西野翔のSHOWROOM : むふ
