天海つばさ,http://livedoor.blogimg.jp/jchiba/imgs/b/3/b3707d3e.jpg,天海つばさ : 無駄な時間
天海つばさ,https://pbs.twimg.com/profile_images/457963958/520c6dedeaabbcf905112f10f4026573_400x400.jpg,天海つばさ (@Tsubasa_Amami) | Twitter
天海つばさ,http://1.bp.blogspot.com/-KlTsRRvRe8o/ULJyy7Gz3EI/AAAAAAAABk8/IuOBfuSZ6KY/s1600/aprenda_japones.jpg,listaça de adjetivos ~ Aprenda japones
天海つばさ,http://blog-imgs-58.fc2.com/s/u/m/sumomochannel/1612-14.jpg,天海つばさ 美しい色白ヌード画像 60枚 エロ画像すももちゃんねる
天海つばさ,https://3.bp.blogspot.com/-whlHyQeCcCI/WB4_uq3eNJI/AAAAAAAAAwg/n3ejzKbJ0iw7bCdHklUbYwVfGPP20x5wQCLcB/s1600/tsubasa-amami-5.jpg,Tsubasa Amami 天海つばさ Sexy Gallery | Asian Nude
天海つばさ,http://livedoor.blogimg.jp/wolfman1979/imgs/1/9/19a90660.jpg,天海つばさの画像 - 原寸画像検索
天海つばさ,http://blog-imgs-46.fc2.com/x/v/i/xvideosmovie1/img048_20140121143308255.jpg,天海つばさ！！大人の色気と可愛いさが入り混じる 天海つばさ ...
天海つばさ,http://1.bp.blogspot.com/-lTQ9Pgs-bHs/UbcRi8CUDWI/AAAAAAAArZw/R0qujP6D6Hw/s1600/038.jpg,INFOnity: [X-City] WEB No.105 Tsubasa Amami 天海つばさ 아마미 츠바사
天海つばさ,http://blog-imgs-56.fc2.com/s/u/m/sumomochannel/1328-09.jpg,天海つばさ 美肌ヌードなエロ画像50枚 エロ画像すももちゃんねる
天海つばさ,http://www.slotevent.info/wp-content/uploads/2017/03/amamitubasa.png,3月26日大阪・兵庫・滋賀ライター来店・取材情報 - パチスロ ...
天海つばさ,http://blog-imgs-50.fc2.com/y/a/m/yamachan01/2013092515204386as.jpg,天海つばさ みんなのエロ画像 無修正
天海つばさ,http://image.xcar.com.cn/attachments/a/day_121110/2012111021_17fea39036cf63d2bbdbdVgyaHwMMPSG.jpg,天海つばさ投稿画像257枚
天海つばさ,http://livedoor.blogimg.jp/aoba_f/imgs/7/b/7bd22b25.jpg,【画像】高橋みなみとセクシー女優・天海つばさが激似だと2ch ...
天海つばさ,http://livedoor.blogimg.jp/aoba_f/imgs/d/0/d0c00373.jpg,【画像】高橋みなみとセクシー女優・天海つばさが激似だと2ch ...
天海つばさ,http://livedoor.blogimg.jp/kemboo1981/imgs/9/c/9ca601a3.jpg,天海つばさimouto.tv minisuka.tv西浜ふうか投稿画像
天海つばさ,http://blog-imgs-47.fc2.com/p/h/o/photography777/tsubasa-amami-00660853.jpg,Photography 天海 つばさ
天海つばさ,http://static.twinsv.com/upload/2012/0907/112393_1358390.jpg,雙子論壇 - 天海つばさ(天海翼)@Juicy honey [10P]
天海つばさ,http://a.sofmap.com/ec/topics/4230/13030912_a_b.jpg,画像 : 天海つばさの可愛いすぎて癒される【画像集】 - NAVER まとめ
天海つばさ,http://pbs.twimg.com/media/BiLJOstCcAAJN9q.jpg,天海つばさの画像 - 原寸画像検索
天海つばさ,http://1.bp.blogspot.com/-lUNxGPu1Va0/Trb-akUCk1I/AAAAAAAAHJQ/YkYYCyBMvU0/s1600/0001-tsubasa-amami-4.jpg,Sirens of the East: Tsubasa Amami - 天海つばさ
天海つばさ,http://livedoor.blogimg.jp/gazochi/imgs/c/3/c393d338.jpg,天海つばさってアイドル並みに可愛いよね | エロ画像・2ch・2 ...
天海つばさ,http://image.xcar.com.cn/attachments/a/day_121105/2012110514_a30b340d157f4125a489o4azABhRH0ws.jpg,天海つばさ151枚&海女SEX
天海つばさ,http://livedoor.blogimg.jp/jchiba/imgs/7/3/73ad10ef.jpg,天海つばさ : 無駄な時間
天海つばさ,http://seagy99.files.wordpress.com/2011/07/tsubasa-amami-010.jpg,301 Moved Permanently
天海つばさ,https://pbs.twimg.com/media/CTh7jlhVAAEpotZ.jpg,"Ah!Kun.'18[レトロマニア。時にはメディア系も] on Twitter: ""今日の ..."
天海つばさ,https://s-media-cache-ak0.pinimg.com/originals/18/41/cf/1841cf286ad6d194c40dffa6d9febe21.jpg,Pin by vv当 on 热热 | Pinterest | Models and Girls
天海つばさ,http://blog-imgs-82.fc2.com/s/u/m/sumomochannel/amami_tsubasa_4099-094.jpg,天海つばさ 色白美肌のヌード画像 エロ画像すももちゃんねる
天海つばさ,https://s-media-cache-ak0.pinimg.com/originals/47/b6/08/47b608c23acc6ff41ab274bc572b669d.png,Pin do(a) T. K. em セクシー女優 | Pinterest
天海つばさ,http://eromitai.com/wordpress/wp-content/uploads/2013/09/amami_tsubasa008.jpg,天海つばさ、アイドルみたいに可愛いけどセックスは激しい ...
天海つばさ,http://jpidols69.com/galleries/jpgirls/tsubasa-amami-showing-off-her-body/6.jpg,Tsubasa Amami Showing Off Her Body
天海つばさ,http://blog-imgs-63.fc2.com/s/u/k/sukeb69/005_2014052800434503d.jpg,AV女優 天海つばさセクシーエロ画像 60枚 おまんこエロ画像
天海つばさ,http://art54.photozou.jp/pub/459/1973459/photo/125416048_624.v1458931451.jpg,"天海つばさちゃんイベント終... - Photo sharing ""PhotoZou"""
天海つばさ,https://pbs.twimg.com/profile_images/779069229932748800/sawvX2Lf_400x400.jpg,天海つばさ (@Amamitsubasa000) | Twitter
天海つばさ,http://livedoor.blogimg.jp/negigasuki/imgs/6/a/6a086afd.jpg,【画像あり】セクシー女優の天海つばさの自宅が特定される ...
天海つばさ,http://books8230.sakura.ne.jp/sblo_files/amamiandnozomi/image/amami.jpg,天海つばさの画像 - 原寸画像検索
天海つばさ,http://3.bp.blogspot.com/-IL1Ueb6E-jc/VKku5dZ3aOI/AAAAAAAAyrA/32Eo1Xgu9vw/s1600/Amami%2BTsubasa%2B%E5%A4%A9%E6%B5%B7%E3%81%A4%E3%81%B0%E3%81%95%2BHot%2BPhotos%2B19.jpg,Amami Tsubasa 天海つばさ Hot Photos | Hot Sexy Beauty.Club
天海つばさ,http://www.kurikuma.tk/wp-content/uploads/2015/02/yt-13860-96a5df393b579c43254caf0b1283ee3d-262x200.jpg,天海つばさ アーカイブ | ボカロ専科
天海つばさ,https://pbs.twimg.com/media/BBQpgf6CEAAUARe.jpg,画像 : 【天海つばさ】可愛い顔とEカップのギャップで人気AV ...
天海つばさ,http://ww2.sinaimg.cn/large/e4384ec0jw1ebx0u729enj20dc0hstb2.jpg,沈大晶_Kyo / Weibo Life (GFW Certified?!)
天海つばさ,http://3.bp.blogspot.com/-a1fRs7PmGQw/UqOnu6dKrxI/AAAAAAAAAfE/n67r4ZIDhnw/s1600/tsubasa-amami-1.jpg,Moved Temporarily
天海つばさ,http://www.lowbird.com/data/images/2011/02/tsubasa-amami-gallery1-photo-jpg-9.jpg,Japanese School Girl Outfit - Hot Girls Wallpaper
天海つばさ,http://img002.lazygirls.info/people/tsubasa_amami/tsubasa_amami_023_tbUo0U0.sized.jpg,Tsubasa Amami 023
天海つばさ,http://jpidols69.com/galleries/jpgirls/tsubasa-amami-moans-to-her-pleasure-1/4.jpg,Tsubasa Amami Moans to Her Pleasure
天海つばさ,http://3.bp.blogspot.com/--FSaPL0Um1A/TrcXbF1xWjI/AAAAAAAAHLw/D_PryyjSVmg/s1600/0010-tsubasa-amami-8.jpg,Sirens of the East: Tsubasa Amami: - 天海つばさ Little Black Plaid Dress
天海つばさ,http://livedoor.blogimg.jp/nanjsaikouya/imgs/0/7/07541b23-s.jpg,少年にGJ！子供のテレビコーナーにて。帰ろうと我が子を ...
天海つばさ,http://blog-imgs-56.fc2.com/s/u/m/sumomochannel/1328-05.jpg,スレンダーAV女優 天海つばさエロ画像 - 大人の動画＆画像 ...
天海つばさ,http://2.bp.blogspot.com/-e2004i0DftQ/VKj1DxygXmI/AAAAAAAAyo4/23roOFp-WJI/s1600/Amami%2BTsubasa%2B%E5%A4%A9%E6%B5%B7%E3%81%A4%E3%81%B0%E3%81%95%2BHot%2BPhotos%2B03.jpg,Amami Tsubasa 天海つばさ Hot Photos | Hot Sexy Beauty.Club
天海つばさ,https://media.nvyouj.com/actress/2017/0612/01/512642861983298.jpg,天海 つばさ | 東京のおっぱい
天海つばさ,https://i.pinimg.com/originals/4f/0c/7c/4f0c7c0f63f723949c19a9b28c2844da.jpg,Pin von T. K. auf セクシー女優 | Pinterest
天海つばさ,http://lady.southcn.com/6/images/attachement/jpg/site4/20130416/c89cdcf39a3112d6fc3d09.jpg,苍井空现身宁波捞金 猩红唇大浓妆不可爱 时尚滚动 南方网
天海つばさ,http://image.xcar.com.cn/attachments/a/day_121105/2012110514_a2de12f6d7e0f82ab0c1nKZI9WH2Utj9.jpg,天海つばさ投稿画像202枚
天海つばさ,http://3.bp.blogspot.com/-IWX6FB92B40/T1YrVglVkyI/AAAAAAAAajE/uEbv_v0ybv4/s1600/superstardoob_11.jpg,[Juicy-Honey] 20101124 JH-90 Amami Tsubasa 天海つばさ 1 - SUPERSTARdoob
天海つばさ,https://www-img.dclog.jp/m/EntryImage?bid=8207631&eid=564951999&t=1466478233&sig=bcbac74b61880c7587d7d2b03656173e&rid=6.jpg,白猫プロブログ | パピコ666のブログ | Decolog
天海つばさ,http://www.thumbnow.com/japanesebabe/tsubasa-amami/38/tsubasa-amami-10.jpg,ThumbNow Japanese Babe Tsubasa Amami 天海つばさ Erotic Photo 38!
天海つばさ,https://stat.ameba.jp/user_images/20160406/23/maru4524gt/43/c7/j/o0800106713613465883.jpg,アイポケ専属 天海つばさ 平日イベント4周年(・ω・ﾉﾉ゛☆ﾊ ...
天海つばさ,https://pbs.twimg.com/media/BcTgVB9CIAA1v8R.jpg,"天海つばさ on Twitter: ""メリークリスマス♥️ 楽しんでね！ http ..."
天海つばさ,https://s-media-cache-ak0.pinimg.com/originals/66/ff/eb/66ffebd9fe2c98f4621c8570fb4b3cff.jpg,天海つばさ on | 翼、かわいい、ファッションアイデア
天海つばさ,https://d2dcan0armyq93.cloudfront.net/photo/odai/600/c8d98c8d78aa8891bd8f09a441152ad6_600.jpg,天海つばさ、可愛い！ - 2015年10月27日の人物のボケ[36757136 ...
天海つばさ,http://1.bp.blogspot.com/-oBBusCK8rc4/T1Yro20-BtI/AAAAAAAAakk/RaiKIOhnR3A/s1600/superstardoob_8.jpg,[Juicy-Honey] 20101124 JH-90 Amami Tsubasa 天海つばさ 1 - SUPERSTARdoob
天海つばさ,http://pics10.godsartnudes.com/2/4/3/16/sexasian-com-sexy-japanese-idol-tsubasa-amami-nude-photo-the-shower--phone-merchants-55717_7_big.jpg,Free nude pictures - Sexasian18.com Sexy Japanese Av Idol Tsubasa Amami Nude Photo In ...
天海つばさ,https://cdn.mdpr.jp/photo/images/b7/117/w700c-ez_8886bec24564371889ba3c07412ac0ff6cbe4fd5e7bdaa6b.jpg,美バスト極限露出 天海つばさが全て出し切る - モデルプレス
天海つばさ,http://blog-imgs-55.fc2.com/h/a/p/happysmile0418/2202a.jpg,【No.2202】 チェック / 天海つばさ - 綺麗なお姉さん。
天海つばさ,http://auctions.wing.c.yimg.jp/sim?furl=auctions.c.yimg.jp/images.auctions.yahoo.co.jp/image/ra115/users/3/6/7/3/xyz1874zz-org-1421601073709565&dc=1&sr.fs=20000,天海つばさ 非売品生写真
天海つばさ,http://2.bp.blogspot.com/-eGHC8X5KKCo/Ta7pSASf1eI/AAAAAAAACME/neh-AhPgDNU/s1600/8l_012.jpg,NAKED PD: Tsubasa Amami sexy
天海つばさ,http://stat.ameba.jp/user_images/20140223/19/garasha-shin/6e/fa/j/o0480064012855621552.jpg,画像 : 【AV女優】 天海つばさ 可愛い画像集 100枚以上！ ＃AV女優 ...
天海つばさ,http://1.bp.blogspot.com/-IwcjNCqdmds/Trck48gCZvI/AAAAAAAAHNI/z5JJHTBzuzQ/s1600/0009-tsubasa-amami-4.jpg,Sirens of the East: Tsubasa Amami: - 天海つばさ: Sensuous Beauty
天海つばさ,http://blog-imgs-68-origin.fc2.com/e/r/o/erocollection00/tsubasa-amami5_2.jpg,天海つばさ キュートなエロお姉さん - エロ画像コレクション
天海つばさ,https://i.pinimg.com/736x/9a/b4/75/9ab4759d82c7efc44b687732df7040dd.jpg,「セクシー女優Ⅱ」のおすすめ画像 520 件 | Pinterest
天海つばさ,https://pbs.twimg.com/media/CmV5lVFUkAAhvDo.jpg,天海つばさ投稿画像110枚&yurikawa sara
天海つばさ,http://ww2.sinaimg.cn/large/e4384ec0jw1ebx0sa1vbfj20dc0hsabl.jpg,画像 : 天海つばさのカワイイ写真コレクション - NAVER まとめ
天海つばさ,http://pic1.win4000.com/pic/5/fb/3629288639.jpg,寂寞的美丽老师喷血诱惑_美女写真_美桌图片库
天海つばさ,https://i.pinimg.com/736x/27/1a/62/271a62ae6621844890db218c37ab3fcc--google.jpg,30 best Top 5 /2016/JAV2/02-Tsubasa Anami images on Pinterest | Asian beauty ...
天海つばさ,https://img.nvshenba.net/2017/02/20170206_5898972ea64a1.png,天海翼(天海つばさ)出道至今的作品封面以及番号大全 - 女神吧
天海つばさ,https://www-img.dclog.jp/m/EntryImage?bid=8207631&eid=564951999&t=1466478233&sig=bcbac74b61880c7587d7d2b03656173e&rid=7.jpg,Archives | 2016年6月 | 白猫プロブログ | パピコ666のブログ | Decolog
天海つばさ,http://images.amazon.com/images/P/B002NJ9V7Y.jpg,天海つばさ : スカパー☆アダルト放送大賞2011 ノミネート女優 ...
天海つばさ,http://2.bp.blogspot.com/-juvaKkiyxXU/TrzITsjv37I/AAAAAAAAA6U/Q_clNeUbo7A/s1600/Tsubasa+Amami+Hot+Pic.jpg,Tsubasa Amami Hot Photos : CHANKAY
天海つばさ,http://att2.citysbs.com/haodian/2013/11/22/09/middle_973x1507-091417_11781385082857401_2055f7c459382d66148f4eadea862ece.jpg,天海つばさ264枚
天海つばさ,http://img5.blogs.yahoo.co.jp/ybi/1/a0/f2/kireina_ojyo_san_sukidesyo/folder/1111990/img_1111990_35746560_22?1325956464,天海つばさちゃんのお裾分けです 3 - 綺麗なお嬢さんのお名前 ...
天海つばさ,http://blogimg.goo.ne.jp/user_image/63/f6/8e8ad43407a07aece930c3c55e6ff7c8.jpg,天海つばさ207枚&ladyboyおなべ
天海つばさ,https://pic.pimg.tw/valiant/1492433178-1448702352_n.jpg?v=1492433179,捷運不只到彰化 還要爭取到南投 @ SharE KnowledgE :: 痞客邦 ::
天海つばさ,http://i2.wp.com/www.razorpics.net/tsubasa-amami/tsubasa-amami-00660776.jpg,"Tsubasa Amami | Razorpics.net HQ Celebrity, Asian, AKB48, Model, Gravure idol pics ..."
天海つばさ,http://blog-imgs-58.fc2.com/s/u/m/sumomochannel/1612-31s.jpg,天海つばさ 美しい色白ヌード画像 60枚 エロ画像すももちゃんねる
天海つばさ,http://www.allcoolmen.com/uploads/allimg/161126/1603203K1-19.jpg,天海翼作品种子番号大全_影视资讯 - 全型男
天海つばさ,http://p12.qhimg.com/t016f17fd3ad5cabcf1.jpg,天海翼_好搜百科
天海つばさ,http://nmstorage.nextmag.com.tw/photo/2016/10/04/002_1475548296281_644903_ver1.0.jpg,出道7周年突引退 AV女優天海翼不幹了｜Next Magazine
天海つばさ,http://2.bp.blogspot.com/_um3TYhrtWhc/TQjc5ZAVQaI/AAAAAAAAAVw/AAsDvVsDx7s/s1600/Tsubasa-Amami_31.jpg,[X-City] Juicy Honey No.090 | JAV-PICS
天海つばさ,http://news.9duw.com/UploadPic/2016-8/20168200413782808.jpg,"天海翼（天海つばさ）出道作品番号及封面,天海翼个人资料[4]_九 ..."
天海つばさ,http://blog-imgs-82.fc2.com/s/u/m/sumomochannel/amami_tsubasa_4099-101.jpg,天海つばさ 色白美肌のヌード画像 エロ画像すももちゃんねる
天海つばさ,http://stat.ameba.jp/user_images/20131228/13/tsubasa-amami0308/5b/83/j/o0480064012795334907.jpg,天海つばさのブログ : 超美人でスタイル抜群なAV女優達を勝手に ...
天海つばさ,https://pbs.twimg.com/media/CmUUT8kUcAA-Gtg.jpg,中久保 瑛 (@aythm0411) | Twitter
天海つばさ,https://s-media-cache-ak0.pinimg.com/originals/11/fe/b4/11feb459e999fb06fe112251e1876688.jpg,天海つばさ Tsubasa Amami Pictures 20 | JAV IDOL | Pinterest
天海つばさ,http://4.bp.blogspot.com/-GWxtUp1koR0/TrzIUnEUj9I/AAAAAAAAA6c/d_NVRnx_Roo/s1600/Tsubasa+Amami+Hot+Pic1.jpg,Tsubasa Amami Hot Photos : CHANKAY
天海つばさ,http://images.china.cn/attachement/jpg/site1006/20131227/001372acd6a71427616a28.jpg,Fotos más calientes de la sexy actriz porno japonesa Amami Tsubasa_Spanish.china.org ...
天海つばさ,http://www.17mingren.com/wp-content/uploads/2016/1215/645150844231.jpg,天海つばさ 资料_番号_简介_写真_种子_全集_ed2k_图片_微博_作品 ...
天海つばさ,http://2.bp.blogspot.com/-TbbvvVTtBzs/T1YrbrW62ZI/AAAAAAAAajk/fRdT4oo8KFE/s1600/superstardoob_15.jpg,[Juicy-Honey] 20101124 JH-90 Amami Tsubasa 天海つばさ 1 - SUPERSTARdoob
天海つばさ,https://pbs.twimg.com/media/DA6ziuJVYAEm24K.jpg,ムラッシー (@murasi1012) | Twitter
天海つばさ,http://ww1.sinaimg.cn/large/e4384ec0jw1ebx0u85qofj20lc0sgtd3.jpg,天海つばさの画像 - 原寸画像検索
天海つばさ,http://stat.ameba.jp/user_images/20130504/23/tsubasa-amami0308/08/3b/j/o0480064012525738524.jpg,画像 : 天海つばさの可愛いすぎて癒される【画像集】 - NAVER まとめ
天海つばさ,http://stat.ameba.jp/user_images/20141022/18/tsubasa-amami0308/00/93/j/o0480064013106029986.jpg,「天海つばさ」の画像検索結果 @search：@nifty
天海つばさ,http://idea-antena.com/main/wp-content/uploads/2017/04/b1ed7414.jpg,セクシー女優・天海つばささん、悩みまくって夜中に泣き出す ...
天海つばさ,http://livedoor.blogimg.jp/mediaworldakiba/imgs/9/0/90cb7e40.jpg,ラムタラMEDIA WORLD AKIBA 女優作品情報ブログ : 2014年08月07日
天海つばさ,http://images.china.cn/attachement/jpg/site1006/20131227/001372acd6a71427616a27.jpg,Fotos más calientes de la sexy actriz porno japonesa Amami Tsubasa_Spanish.china.org ...
天海つばさ,http://stat.profile.ameba.jp/profile_images/20141120/23/83/FP/j/o128012801416493389859.jpg,天海つばさ投稿画像263枚
天海つばさ,http://www.allcoolmen.com/uploads/allimg/161126/1603203H3-18.jpg,天海翼作品种子番号大全_影视资讯 - 全型男
天海つばさ,https://s-media-cache-ak0.pinimg.com/originals/8c/10/6c/8c106c38788a1d01925719f5d4a4ec7d.jpg,"#53,955天海つばさ(天海翼) Tsubasa Amami 080jp-5 | Japanese Beauty | Pinterest ..."
天海つばさ,https://img.fril.jp/img/99382822/m/280215956.jpg?1505226367,天海つばさの通販 7点 | フリマアプリ フリル
天海つばさ,https://stat.ameba.jp/user_images/20170208/21/himemiyaian/ab/85/j/o5198779313864272281.jpg,天海つばさ in m'studio 2017.02.08｜いあんの女神たち
天海つばさ,https://s-media-cache-ak0.pinimg.com/originals/6f/2a/af/6f2aaf2e4c86b9cb376198396dbab19a.jpg,"Amami Tsubasa ／ 天海つばさ | 天海 | Pinterest | Asian eyes, Asian and Asian ..."
天海つばさ,https://iwiz-chie.c.yimg.jp/im_siggtoCjWc__7.m5o04RWJD5iw---x320-y320-exp5m-n1/d/iwiz-chie/ans-427402093,Eカップのグラドル・アイドル・セクシー女優を2人以上と その ...
天海つばさ,http://www.edu-hb.com/Upload/NewsImg/201308/26/130826123656vda0k.jpg,天海つばさ&海女SEX
天海つばさ,https://www.av-event.jp/event/0dbea6c22dbfb589cb676443606a0f0e.jpg,「天海つばさ」検索 | セクシーアイドル・AV女優のイベント情報 ...
天海つばさ,http://image.xcar.com.cn/attachments/a/day_121105/2012110514_0bd114d87444c111d1aaX7ZYVADmxB77.jpg,唯美红颜 美色妖女天海つばさ=====------45楼更新_第2页_图说世界 ...
天海つばさ,http://pbs.twimg.com/media/BQRDJI-CQAAQd3z.jpg,天海つばさ : 【実物すげぇ。】 AV女優のイベント・サイン会 ...
天海つばさ,http://cfile7.uf.tistory.com/image/2726C83C52F4F89408EA3E,JAV Collector♥ :: Tsubasa Amami (天海つばさ) 품번 정리 2014.06.22
天海つばさ,http://blog-imgs-53.fc2.com/e/r/o/eroerodesuka/d2a4678d.jpg,美人 美少女 ちょっとエッチな画像のまとめ 立ちパンチラ画像 ...
天海つばさ,http://japanese-sirens.com/wp-content/uploads/2014/07/Tsubasa-Amami-upskirt-pictures.jpg,Tsubasa Amami -sexy japanese girl Japanese Sirens
天海つばさ,http://npic7.edushi.com/cn/zixun/zh-chs/2016-11/15/2a655499a4f34dcf8d1f7c1e855b093a.jpg,天海翼(天海つばさ)作品番号封面截图全集 天海翼2016最新下马 ...
天海つばさ,http://blog-imgs-42.fc2.com/h/a/p/happysmile0418/512.jpg,【No.512】 パンチラ / 天海つばさ - 綺麗なお姉さん。
天海つばさ,https://pbs.twimg.com/media/CmW4F4mUkAEQcH3.jpg,天海つばさ - JapaneseClass.jp
天海つばさ,http://img2.mtime.com/up/1368/2047368/05f67d87-7ef1-4a74-ac03-6bd4bb8ad06c_500.jpg,【Juicy-Honey】 JH071 ~ 天海つばさ Tsubasa Amami
天海つばさ,https://im9-a.mbokimg.dena.ne.jp/1/7/845/480143845.1.jpg,天海つばさ L判写真1枚☆G-10 | 新品・中古のオークション モバオク
天海つばさ,https://stat.ameba.jp/user_images/20140510/11/garasha-shin/ab/4f/j/o0480064012936228434.jpg,ツイッター｜ギタリストの愛し方
天海つばさ,http://blog-imgs-56.fc2.com/s/u/m/sumomochannel/1328-06.jpg,天海つばさ 美肌ヌードなエロ画像50枚 エロ画像すももちゃんねる
天海つばさ,https://pbs.twimg.com/media/ByK9s2zCAAAwcl9.jpg:large,画像 : 天海つばさの可愛いすぎて癒される【画像集】 - NAVER まとめ
天海つばさ,https://s-media-cache-ak0.pinimg.com/236x/b7/c8/63/b7c8635cb448497feeb2e4b514a63ccd.jpg,"1000+ images about Top 5 /2016/JAV2/02-Tsubasa Anami on Pinterest | Google, Search and ..."
天海つばさ,http://www.xfx168.com/uploads/allimg/160923/01501J104-6.jpg,《天海翼(天海つばさamamitsubasa)番号》-天海翼(天海つばさamam_风 ...
天海つばさ,http://1.bp.blogspot.com/-7h2DoTPtNbY/VKkshQxGheI/AAAAAAAAypw/980Oj6Qpobo/s1600/Amami%2BTsubasa%2B%E5%A4%A9%E6%B5%B7%E3%81%A4%E3%81%B0%E3%81%95%2BHot%2BPhotos%2B09.jpg,Amami Tsubasa 天海つばさ Hot Photos | Hot Sexy Beauty.Club
天海つばさ,https://pbs.twimg.com/media/C5B9Ig2VUAA0Z3C.jpg,ACEの Amami Tsubasa (@Theworldace) | Twitter
天海つばさ,http://media-cache-ak0.pinimg.com/736x/9e/92/ff/9e92fff799f53ddc4127a39b79343ef8.jpg,Tsubasa amami | Girl | Pinterest
天海つばさ,http://cfile28.uf.tistory.com/image/2028193E512A37210F6674,"아마미 츠바사 (Tsubasa Amami, 天海つばさ) > AV배우 | AV노리"
天海つばさ,https://s-media-cache-ak0.pinimg.com/originals/de/25/a5/de25a5bd926e952cda87a15f96e28d37.jpg,天海つばさ＆AIKA | セクシー女優 | Pinterest | Girls
天海つばさ,http://pic.prepics-cdn.com/pib49870682/4774222.jpeg,天海つばさの画像 - 原寸画像検索
天海つばさ,https://imgs.ototoy.jp/imgs/jacket/03/13/84/0000031284.1359444833orig.jpg,天海つばさ / Cheers - OTOTOY
天海つばさ,http://pic.prepics-cdn.com/spoon7/32928299.jpeg,天海祐希 ｜最新詳盡直擊!! [文+圖+影] - 生活資訊 - 3boys2girls.com
天海つばさ,http://imgs.ototoy.jp/imgs/jacket/0053/00013828.1435678057.0047orig.jpg,天海つばさ / Rainy Day(24bit/48kHz) - OTOTOY
天海つばさ,http://blog-imgs-50.fc2.com/s/u/m/sumomochannel/2084-01.jpg,天海つばさ キュートな小悪魔エロ画像 90枚 エロ画像すもも ...
天海つばさ,https://images-fe.ssl-images-amazon.com/images/I/51y5UgQXbqL.jpg,天海つばさ
天海つばさ,http://s8.sinaimg.cn/orignal/8fd18eb0gb8131822f6c7&690,amamitsubasaphoto-amami tsubasa rbd821_amami tsubasa步兵_amami tsubasa juicy ...
天海つばさ,https://i.ytimg.com/vi/ou--bVtM0j8/hqdefault.jpg,天海つばさ 月の糸【IA】 - YouTube
天海つばさ,https://img.laonanren.com/upload2/2016-06/16062213163464.jpg,童颜巨乳女优天海つばさ_新崛起的十位高颜值童颜巨乳年轻女优 ...
天海つばさ,http://eromitai.com/wordpress/wp-content/uploads/2013/09/amami_tsubasa014.jpg,天海つばさ、アイドルみたいに可愛いけどセックスは激しい ...
天海つばさ,https://pbs.twimg.com/media/C0arH7TVEAAEKTh.jpg,Media Tweets by twinkle ma (@Really_MissingU) | Twitter
天海つばさ,https://s-media-cache-ak0.pinimg.com/736x/c6/76/a1/c676a1328c09f0049f091f0a755294cb.jpg,"15 best images about Tsubasa Amami on Pinterest | Sexy, Posts and Hot babes"
天海つばさ,http://img.quwenlieqi.com/allimg/161110/110552Eb-8.jpg,目前在国内知名度最高的10大女优！前三名不是老司机也会认识 ...
天海つばさ,http://www.fulixp.org/wp-content/uploads/2016/03/f0fd31c3fdd44a17dafbcdb6bb4f0339.png,天海翼|福利吧
天海つばさ,https://v.cdn.vine.co/r/avatars/8D1BD0C75D1114666646238552064_218ba418f5c.5.1.jpg?versionId=EKvOXt2OmyugxDu5n2UeQKotxyAPi9Lm,天海つばさ's Profile - Vine
天海つばさ,http://cdn.wpb.shueisha.co.jp/img/2017/11/7f0ff4c9a029a34ba0f57dd0586ba8cc_42b51b4234f7950feff0d6eae8c1ae90.jpg,「お腹出てるのもそのまま…」天海つばさ、ラスト写真集は ...
天海つばさ,http://livedoor.blogimg.jp/mediaworldakiba/imgs/e/a/eaaf2b30.jpg,天海つばさの画像 - 原寸画像検索
天海つばさ,http://livedoor.blogimg.jp/royce555/imgs/6/e/6e4c99dd.jpg?bcc2dabb,現代に本能のハイキック:2010年11月
天海つばさ,https://stat.ameba.jp/user_images/20170115/18/himemiyaian/6a/35/j/o5143771113846208326.jpg?caw=800,天海つばさ in ラムタラメディアワールドアキバ 2017.01.15｜い ...
