菅野美穂,http://www.officiallyjd.com/wp-content/uploads/2011/10/20111013_tamori_24.jpg,菅野美穂 | 毒女ニュース
菅野美穂,http://www.officiallyjd.com/wp-content/uploads/2011/06/20110621_oshimen_19.jpg,菅野美穂 | 毒女ニュース
菅野美穂,http://2.bp.blogspot.com/_CjfFtGOo8wM/TSlbxZluC7I/AAAAAAAAB90/MjbPqenreRQ/s1600/img_1557934_45752837_1.jpg,菅野美穂 - DrillSpin データベース
菅野美穂,http://www2.ken-on.com/img/profile/photo_sp/kanno_miho.jpg,菅野 美穂プロフィール｜研音Message
菅野美穂,http://www.officiallyjd.com/wp-content/uploads/2013/03/20130317_amuro_12.jpg,菅野美穂 | 毒女ニュース
菅野美穂,http://www.officiallyjd.com/wp-content/uploads/2013/07/20130728_sakaimasato_16.jpg,菅野美穂 | 毒女ニュース
菅野美穂,http://www.officiallyjd.com/wp-content/uploads/2012/04/20120401_joyuu_21.jpg,菅野美穂 | 毒女ニュース
菅野美穂,http://www.officiallyjd.com/wp-content/uploads/2014/03/20140324_kannno_10.jpg,菅野美穂 | 毒女ニュース
菅野美穂,http://image.eiga.k-img.com/images/person/25474/300x.jpg,菅野美穂 - 映画.com
菅野美穂,http://www.asagei.com/wp-content/uploads/2016/09/20160905kanno.jpg,菅野美穂「砂の塔」の男性キャストが地味すぎ！爆死なら ...
菅野美穂,http://akb2578.cocolog-nifty.com/blog/user_images/20131112/17/akb9600/9c/df/p/o0535053712747131287.png,菅野美穂が写真集ヘアヌードの印税で貰った金額...（過激画像 ...
菅野美穂,http://cinema-magazine.com/image/db/nobara8.jpg,菅野美穂の出演時間
菅野美穂,https://nanamegiri.com/wp-content/uploads/2016/08/4bb0ccf7ccccd605af3665f51b145039.jpg,菅野美穂の性格が天然すぎてかわいい！！身長・年齢・スリー ...
菅野美穂,http://photocdn.sohu.com/20081219/Img261317738.jpg,菅野美穂の出演時間
菅野美穂,http://1.bp.blogspot.com/-Q70Gl3HFbhc/UybeDAJeV5I/AAAAAAAABJY/9slKVHPRd4w/s1600/%E3%81%B5%E3%81%87%EF%BD%878cf90e06e9b1a13fa078067fc04d47f8.jpg,菅野美穂妊娠からの不仲・・・：菅野美穂妊娠からの不仲 ...
菅野美穂,http://bijin-no-otehon.com/wp-content/uploads/2015/05/987e431076289e793b9bca2b39a5b1a1.jpg,菅野美穂の美の秘訣は、ヨガと質の良い睡眠
菅野美穂,http://www.cinemacafe.net/imgs/p/ATDRThl-6oWF9fpps9341csCOg8ODQwLCgkI/158516.jpg,【画像】福士蒼汰に続く新たな才能を発掘！ 研音 ...
菅野美穂,https://cdn.images-dot.com/S2000/upload/2016092800050_1.jpg,菅野美穂、スッピンに抱っこひも…あまりに理想的すぎる堺 ...
菅野美穂,http://www.officiallyjd.com/wp-content/uploads/2014/03/20140320_koizumi_16.jpg,菅野美穂 | 毒女ニュース
菅野美穂,http://cinema-magazine.com/image/db/pnobara11.jpg,菅野美穂（週刊シネママガジン）
菅野美穂,"https://rank.cd-cdn.com/image/upload/w_690,h_600,c_limit,q_90/rankingshare-0d3132b09cb111e4967806e0b9b52e4fbe353b3c2331222d3b.jpg",へぇ～そうなんだ！キレイなのに性格も良いと評判の芸能人 ...
菅野美穂,http://www.officiallyjd.com/wp-content/uploads/2011/11/20111108_karina_67.jpg,菅野美穂 | 毒女ニュース
菅野美穂,http://livedoor.blogimg.jp/kannomihoweb/imgs/1/e/1e140b1a.jpg,菅野美穂 via 菅野美穂 via 菅野美穂の出演時間 :
菅野美穂,http://img.cinematoday.jp/res/A0/00/25/A0002590-00.jpg,『パーマネント野ばら』菅野美穂 単独インタビュー - シネマ ...
菅野美穂,https://pbs.twimg.com/profile_images/2638116152/5c8440df2d9b99305eda0e17b4f66e01_400x400.jpeg,菅野美穂 (@kannmiho) | Twitter
菅野美穂,http://yorozuyakachimasu.cocolog-nifty.com/photos/uncategorized/2009/05/18/16.jpg,菅野美穂小学生yukikax.com投稿画像559枚
菅野美穂,http://www.officiallyjd.com/wp-content/uploads/2013/03/20130316_geinojin_081.jpg,菅野美穂 | 毒女ニュース
菅野美穂,http://www.officiallyjd.com/wp-content/uploads/2015/02/20150209_ashida_38.jpg,菅野美穂 | 毒女ニュース
菅野美穂,http://www.officiallyjd.com/wp-content/uploads/2014/03/20140311_kannomiho_04.jpg,菅野美穂 | 毒女ニュース
菅野美穂,http://www.officiallyjd.com/wp-content/uploads/2014/03/20140311_kannomiho_29.jpg,菅野美穂の画像 - BIGLOBE画像検索
菅野美穂,http://s3-ap-northeast-1.amazonaws.com/topicks/article_thumb/26791_original.jpg,みんなが祝福した妊娠・出産！演技派女優・菅野美穂の実力と ...
菅野美穂,http://blog-imgs-31.fc2.com/u/n/i/unimodo/k942279302.jpg,菅野美穂 : アンチエイジングな方々 - NAVER まとめ
菅野美穂,https://angoraphoto.com/wp-content/uploads/2014/09/kanno_miho-e1415247036702.png,菅野美穂のヌード写真はいまでも見応えある芸術的なイキ顔
菅野美穂,http://momokurozzz.com/wp-content/uploads/2015/08/kan62.jpg,菅野美穂さんの結婚・出産で、18年前のエロ画像写真集がバカ ...
菅野美穂,http://image.space.rakuten.co.jp/lg01/87/0000725687/01/img8f8463fbzik1zj.jpeg,菅野美穂 : 家系はエリート！実家が医者、病院、医院をして ...
菅野美穂,http://pds.exblog.jp/pds/1/201205/20/44/a0278844_11325776.jpg,菅野美穂 : 研音
菅野美穂,http://xn--gmqu8sn89avpb6u8c.xyz/wp-content/uploads/2016/07/%E8%8F%85%E9%87%8E%E7%BE%8E%E7%A9%82%E9%AB%AA%E5%9E%8B.jpg,「砂の塔～知りすぎた隣人」菅野美穂の髪型！ショートボブ ...
菅野美穂,http://livedoor.blogimg.jp/jchiba/imgs/2/e/2ec1b020.jpg,菅野美穂 : 無駄な時間
菅野美穂,http://www.officiallyjd.com/wp-content/uploads/2012/01/20120129_matsuyukiyasuko_21.jpg,菅野美穂 | 毒女ニュース
菅野美穂,http://thisisenglish.jp/wp-content/uploads/74d2d121b381503272f3551046fb472f.jpg,電撃婚をした菅野美穂！過去の男、稲垣吾郎との熱愛 ...
菅野美穂,http://up.gc-img.net/post_img/2015/07/8eQXRMJmnm7EpSM_VgHo6_55.jpeg,中途半端な美人だと思う女性芸能人 | ガールズちゃんねる - Girls ...
菅野美穂,http://image.news.livedoor.com/newsimage/2/9/29be298ab53fb2f88bb115c7bd481bf2.jpg,【画像】宮沢りえ、中谷美紀、菅野美穂、安倍首相ら豪華 ...
菅野美穂,http://www.officiallyjd.com/wp-content/uploads/2015/05/20150506_kannomiho_48.jpg,菅野美穂 | 毒女ニュース
菅野美穂,http://img.cinemacafe.net/imgs/articlemain/154907.jpg,菅野美穂、第一子妊娠！ 夫・堺雅人「ひとりの父として精進し ...
菅野美穂,http://www.cinemacafe.net/imgs/p/ATDRThl-6oWF9fpps9341csCOg8ODQwLCgkI/349332.jpg,【画像】菅野美穂、鶴瓶に“子育て相談”するも…「A-Studio」 (2 ...
菅野美穂,http://blogs.c.yimg.jp/res/blog-2d-d9/toki_hp2004/folder/93125/44/4740244/img_0?1121879548,菅野美穂(ﾄﾞﾗﾏCM等込) - 詳細表示 - 可愛いだけでない話 ...
菅野美穂,https://images.4yuuu.com/files/article/789375/large_789375_0.jpg,普通がイチバン♪菅野美穂さん＆堺雅人さん夫婦が愛される ...
菅野美穂,http://www.officiallyjd.com/wp-content/uploads/2015/08/20150815_kikukawarei_29.jpg,菅野美穂 | 毒女ニュース
菅野美穂,http://www.officiallyjd.com/wp-content/uploads/2014/01/20140109_kanno_27.jpg,菅野美穂 | 毒女ニュース
菅野美穂,http://blog-imgs-32.fc2.com/a/v/r/avrilcom/20090121194503.jpg,美女みる | BIJOMIRU 菅野 美穂
菅野美穂,http://livedoor.blogimg.jp/uwasainfo/imgs/4/1/416a0e46.jpg,菅野美穂152枚&jjgirls美尻
菅野美穂,https://i.ytimg.com/vi/lO4LaRbu_j8/maxresdefault.jpg,菅野美穂上原瑞穂＠PRESTIGE
菅野美穂,http://www.asagei.com/wp-content/uploads/2016/10/20161013kanno.jpg,菅野美穂、完脱ぎ写真集の真相告白は主演ドラマに男性視聴者 ...
菅野美穂,http://static.cinemagia.ro/img/db/actor/02/69/66/miho-kanno-515457l.jpg,菅野美穂金子美穂エロ投稿画像359枚
菅野美穂,http://asagei.com/wp-content/uploads/2015/05/20150514kanno.jpg,高齢出産の菅野美穂が夫・堺雅人に「熱望している」こととは ...
菅野美穂,http://www.asahi.com/showbiz/gallery/101001oki/images/printer05.jpg,asahi.com（朝日新聞社）：OKIデータのCMキャラクターを務める菅野 ...
菅野美穂,http://pds.exblog.jp/pds/1/201212/10/44/a0278844_15331299.jpg,菅野美穂 : 研音
菅野美穂,http://livedoor.blogimg.jp/kannomihoweb/imgs/8/f/8f186084.jpg,「菅野美穂」の検索結果 - 原寸画像検索
菅野美穂,http://static.pinky-media.jp/matome/file/parts/I0003667/17b73029d79438b0cc1e20cfcdb94aa5.jpg,菅野美穂の妊娠・出産を振り返る！子供の性別は？堺雅人の ...
菅野美穂,http://www.officiallyjd.com/wp-content/uploads/2011/06/20110614_esc_14.jpg,芸能界最強ダブルインカム！堺雅人＆菅野美穂「6億円」の ...
菅野美穂,http://galtore.net/wp-content/uploads/20140306_kannomiho_2.jpg,菅野美穂が整形？メイク？目頭の切れ込みがすごすぎると話題 ...
菅野美穂,http://xn--t8jwa3kr22l8k6b9v2a.com/wp-content/uploads/2015/08/%E8%8F%85%E9%87%8E%E7%BE%8E%E7%A9%82%EF%BC%91%EF%BC%93.bmp,菅野美穂が出産！性格は天然？エピソードや子供時代の画像も ...
菅野美穂,http://yumeijinhensachi.com/wp-content/uploads/2016/10/6695084dc5d639c82167775cc882ccef.jpg,菅野美穂の学歴と経歴｜出身小中学校高校や大学の偏差値 ...
菅野美穂,http://asajo.jp/wp-content/uploads/2016/03/20160323kanno.jpg,菅野美穂がキレイになった理由は堺雅人じゃなかった ...
菅野美穂,http://blogimg.goo.ne.jp/user_image/44/22/141827a113674a6264fe76140f3e8df5.jpg,画像 : 堺雅人♡菅野美穂夫妻の家族ぐるみのお付き合いが ...
菅野美穂,http://www.officiallyjd.com/wp-content/uploads/2014/01/20140109_kanno_04.jpg,菅野美穂 | 毒女ニュース
菅野美穂,https://jisin.jp/image?mode=show_image&cb_image_id=38391&rand=bb7e680cca72def75f8886bf67abf651&w=400&h=,映画『ジーン・ワルツ』完成披露試写会（ 菅野美穂） - 女性 ...
菅野美穂,http://idolscope.com/wp-content/uploads/2014/03/idolscope0038.jpg,菅野美穂のアイコラ含む過激なオナネタを集めました 38枚
菅野美穂,http://cinema-magazine.com/image/db/nobara1.jpg,菅野美穂（週刊シネママガジン）
菅野美穂,http://livedoor.blogimg.jp/aoba_f/imgs/c/d/cd00f81d.jpg,一色紗英、劣化画像の原因！現在ハーフ旦那の子供を産みUSAに ...
菅野美穂,http://www7.plala.or.jp/tomikyu/love/kanno.jpg,菅野美穂
菅野美穂,http://mdpr.jp/photo/images/2014/04/17/400c-_1260177.jpeg,菅野美穂の40年後は？女優人生を語る - モデルプレス
菅野美穂,http://www.officiallyjd.com/wp-content/uploads/2014/01/20140109_kanno_06.jpg,堺雅人＆菅野美穂 | 毒女ニュース
菅野美穂,http://i.ytimg.com/vi/QbgZKYe0BpI/hqdefault.jpg,菅野美穂「結婚しない」出演メッセージ - YouTube
菅野美穂,http://i.ytimg.com/vi/J0706Z3y7P0/maxresdefault.jpg,菅野美穂 CM サントリー 角ハイボール「メモ」篇 30s - YouTube
菅野美穂,http://www.officiallyjd.com/wp-content/uploads/2012/05/20120510_geinoujin_21.jpg,菅野美穂 | 毒女ニュース
菅野美穂,http://news.biglobe.ne.jp/entertainment/0301/9260871745/kanno3_thum630.jpg,ヌーディーカラーでまとめた菅野美穂 美脚と二の腕にラブ ...
菅野美穂,http://www.officiallyjd.com/wp-content/uploads/2011/01/20110130_kannno_03.jpg,菅野美穂 | 毒女ニュース
菅野美穂,http://newslounge.net/wp-content/uploads/2012/12/DSC_0035.jpg,菅野美穂「堺雅人は植物系男子！」『大奥～永遠～』初日で椿 ...
菅野美穂,http://www.ninjintei.jp/onetyan/image14433.jpg,菅野 美穂
菅野美穂,http://www.officiallyjd.com/wp-content/uploads/2017/03/20170320_kimurayoshino_29.jpg,永野 菅野美穂 | 毒女ニュース
菅野美穂,http://imgmovie.naver.com/mdi/mi/0361/C6153-15.jpg,菅野美穂 / 画像一覧 - MusicHubz
菅野美穂,http://stat.news.ameba.jp/news_images/20161006/10/31/Fo/j/o0430064020161006_093836_size640wh_4244.jpg,菅野美穂、かつての写真集騒動語る「精神的に強くなれた ...
菅野美穂,http://up.gc-img.net/post_img_web/2014/09/ITMLJlCg5chuwZj,菅野美穂・堺雅人夫婦にオメデタの話が聞こえてこない裏事情 ...
菅野美穂,http://imgnews.naver.net/image/416/2013/03/22/30000250960_59_20130322102502.jpg,スピード婚の堺雅人と菅野美穂がスピード離婚危機！？その訳 ...
菅野美穂,http://www.suruga-ya.jp/database/pics/game/605002504.jpg,菅野美穂 1998年度カレンダー | 中古 | カレンダー | 通販ショップ ...
菅野美穂,http://blog-imgs-34.fc2.com/g/e/i/geinou704/tnr0901102018011-p4.jpg,菅野美穂、31か国回った…フォトエッセー発売 - 芸能ニュースの ...
菅野美穂,https://cdn.mdpr.jp/photo/images/db/54c/w700c-ez_e96184cae677ba8642dc5ffbd284dd3cc9cfe9f3c09bedf2.jpg,菅野美穂“人気女優役”で「ひよっこ」出演 後半のキー ...
菅野美穂,https://images.talent-dictionary.com/uploads/images/aflo/1999/fit_2f3cf7a0c50d6ef88f912cfa681dbb50e39026bf.jpg,菅野美穂の生い立ちから現在まで - タレント辞書
菅野美穂,http://pds.exblog.jp/pds/1/201205/20/44/a0278844_11544363.png,菅野美穂 : 研音
菅野美穂,http://www.crank-in.net/img/db/1025448_300.jpg,菅野美穂「映画のような無敵の夫婦になれるよう頑張りたい ...
菅野美穂,http://blogs.c.yimg.jp/res/blog-2d-d9/toki_hp2004/folder/93125/20/42445320/img_0?1164453246,菅野美穂いいとも⑤11/24 ～ 菅ちゃんの「格闘技常識度」!? ～ 11 ...
菅野美穂,https://images.talent-dictionary.com/uploads/images/aflo/2023/fit_25baa03fe04f71164b639d69609aa3a6ef87c639.jpg,菅野美穂の生い立ちから現在まで - タレント辞書
菅野美穂,http://ecx.images-amazon.com/images/I/51CIh7IPeWL._SL500_AA300_.jpg,菅野美穂 : 短い前髪がキュートな女優さん【画像集】 - NAVER まとめ
菅野美穂,http://magabon.yomiuri.co.jp/special/voice/common/images/photo05_01.jpg,菅野美穂 : 実はヌードになったことがある有名人 - NAVER まとめ
菅野美穂,http://sig-sig.com/wp-content/uploads/2014/03/20140328000-470x361.gif,「菅野美穂」の検索結果 - 原寸画像検索
菅野美穂,http://www.officiallyjd.com/wp-content/uploads/2012/05/20120522_lesbian_28.jpg,菅野美穂 | 毒女ニュース
菅野美穂,https://s-media-cache-ak0.pinimg.com/originals/0f/3f/d3/0f3fd3a00464b4d3e85794e0e99a03f8.jpg,菅野美穂miho_kanno | 菅野美穂 | Pinterest | 女子 力、美脚、脚
菅野美穂,https://image.middle-edge.jp/medium/c4f96229-02f3-4529-a0e7-b2067805e2e3.jpg?1469229693,【草彅剛主演の視聴率20%超えドラマ！】「いいひと。」【ED ...
菅野美穂,https://idolscope.com/wp-content/uploads/2014/03/idolscope00222.jpg,菅野美穂のアイコラ含む過激なオナネタを集めました 38枚
菅野美穂,http://newslounge.net/wp-content/uploads/2012/10/169ac92eede79e6e92ec2f6046caa2bf2.jpg,菅野美穂「犬が抱っこできる」と下心も後々震え上がる！監督 ...
菅野美穂,http://contents.oricon.co.jp/upimg/news/20090712/67635_200907120454014001247385213c.jpg,菅野美穂のかわいい画像集！ヘアスタイルやファッションも ...
菅野美穂,http://www.officiallyjd.com/wp-content/uploads/2014/02/20140206_itoumisaki_27.jpg,菅野美穂 | 毒女ニュース
菅野美穂,https://pbs.twimg.com/profile_images/505573998537629696/CopWgNAz.jpeg,菅野美穂 / 画像一覧 - MusicHubz
菅野美穂,http://happit.jp/wp-content/uploads/2013/03/kannomihodvd.jpg,菅野美穂さんがヨガの本場インドを旅するドキュメンタリーDVD ...
菅野美穂,http://solaris.ocnk.net/data/solaris/product/20130109_83f730.JPG,「菅野美穂」の検索結果 - 原寸画像検索
菅野美穂,http://daikaibou.com/wp-content/uploads/2014/11/A0003523-00.jpg,| 年収6億の大物カップル!?菅野美穂と堺雅人の自宅場所は五反田!?
菅野美穂,http://newslounge.net/wp-content/uploads/2012/12/kanno15.jpg,菅野美穂“逆ハーレム”で「壇蜜さんみたいな役」西田敏行は ...
菅野美穂,https://spice.eplus.jp/images/ontzOmDgKXSlaogjvxi1JIWzdQib2iVxrOAZ9bNdUarFp4lco2IxuB4Kf9TA0zUa,石原さとみ、菅野美穂、波瑠が出演 DREAMS COME TRUEの新曲が ...
菅野美穂,http://images.ciatr.jp/2015/10/09085043/b3eb474629c9def20577ec5242302dba.jpg,菅野美穂主演連続ドラマ一覧まとめ！ | ciatr[シアター]
菅野美穂,http://www.cinemacafe.net/imgs/p/ATDRThl-6oWF9fpps9341csCOg8ODQwLCgkI/71218.jpg,【画像】菅野美穂、AKB総選挙当日に阿部サダヲへの“投票”を ...
菅野美穂,http://www.officiallyjd.com/wp-content/uploads/2014/03/20140311_kannomiho_01.jpg,菅野美穂 | 毒女ニュース
菅野美穂,https://mdpr.jp/photo/images/2016/10/11/236q_5fdabf447aac27e399b551decbea09cc7987f5edbe028c9b.jpg,菅野美穂のブログ、Twitter、Instagram、Facebook、画像、動画 ...
菅野美穂,http://lohas.nicoseiga.jp/thumb/2614683i?,菅野美穂さん / わい さんのイラスト - ニコニコ静画 (イラスト)
菅野美穂,http://www.officiallyjd.com/wp-content/uploads/2012/06/20120624_ooemariko_06.jpg,菅野美穂 : 芸能人のすっぴんはたいしとことない！？ - NAVER まとめ
菅野美穂,http://kurisurf.info/wp-content/uploads/2014/02/%E8%A7%92%E3%83%8F%E3%82%A4%E3%83%9B%E3%82%99%E3%83%BC%E3%83%AB%E8%8F%85%E9%87%8E%E7%BE%8E%E7%A9%82.jpg,菅野美穂、妊娠発表?でハイボールを・・堺雅人との目撃情報 ...
菅野美穂,http://image.news.livedoor.com/newsimage/stf/b/4/b4312_1212_c3774dc29d8caacf9db9af5915d29b94.jpeg,菅野美穂 育児苦悩告白にママから「共感しかない！」の声続出 ...
菅野美穂,http://www.crank-in.net/img/db/1162763_1200.jpg,菅野美穂投稿画像315枚&菊地えり緊縛
菅野美穂,http://age-care.xyz/wp-content/uploads/2016/02/%E3%82%B9%E3%82%AF%E3%83%AA%E3%83%BC%E3%83%B3%E3%82%B7%E3%83%A7%E3%83%83%E3%83%88-2016-02-26-22.03.13.png,菅野美穂の美容とスキンケアを参考にしよう！ | Matiuマチュー
菅野美穂,http://www.officiallyjd.com/wp-content/uploads/2014/08/20140815_sakaimasato_13.jpg,菅野美穂 | 毒女ニュース
菅野美穂,http://up.gc-img.net/post_img_web/2016/10/31d5fa74fa8b5837df586eb037ad5267_414.jpeg,菅野美穂が愛児を託したIQ天才児養成保育園、料金は月15万円 ...
菅野美穂,http://cfile7.uf.tistory.com/image/113C0B1F4AD4AB9D64125C,菅野美穂小学生yukikax.com投稿画像559枚
菅野美穂,https://cdn.images-dot.com/S2000/upload/2016112900002_1.jpg,菅野美穂主演「砂の塔」 ハーメルン事件の“犯人捜し”が ...
菅野美穂,http://img.blogs.yahoo.co.jp/ybi/1/2d/d9/toki_hp2004/folder/93125/img_93125_49977961_0?1192031859,菅野美穂☆働きマン ( ドラマ番組 ) - 可愛いだけでない話 ...
菅野美穂,http://www.sponichi.co.jp/entertainment/news/2017/06/28/jpeg/20170628s00041000126000p_view.jpg,女優の菅野美穂 ― スポニチ Sponichi Annex 芸能
菅野美穂,http://www.officiallyjd.com/wp-content/uploads/2012/09/20120907_koyuki_15.jpg,サントリーCMより 菅野美穂 | 毒女ニュース
菅野美穂,http://www.officiallyjd.com/wp-content/uploads/2014/03/20140311_kannomiho_25.jpg,菅野美穂 | 毒女ニュース
菅野美穂,http://www.asahi.com/and_M/information/images/AS20140417004363_comm.JPG,菅野美穂が理想の家づくりを語る 三井ホームCM発表会 - 朝日 ...
菅野美穂,https://img.news.goo.ne.jp/picture/postseven/m_postseven-401970.jpg,英語も学べる運動クラブに堺雅人・菅野美穂の子が入会(NEWS ...
菅野美穂,http://livedoor.blogimg.jp/booq/imgs/8/2/82f7406d.jpg,菅野美穂投稿画像160枚
菅野美穂,http://mini-theater.com/wp-content/uploads/2010/05/nobara-main.jpg_rgb.jpg,菅野美穂投稿画像307枚
菅野美穂,http://blog-imgs-45.fc2.com/c/m/w/cmwow/KANNO-Tiovita1002.jpg,『CM WOW！』 大鵬薬品「チオビタドリンク」/菅野美穂
菅野美穂,http://www.asahi.com/showbiz/gallery/101001oki/images/printer01.jpg,菅野美穂 - Page 8 - 2015年以前の画像検索 - ImageSeek
菅野美穂,http://www.asahicom.jp/and_M/information/images/AS20140417004354_comm.JPG,菅野美穂が理想の家づくりを語る 三井ホームCM発表会 - 朝日 ...
菅野美穂,http://www.officiallyjd.com/wp-content/uploads/2015/05/20150506_kannomiho_35.jpg,菅野美穂 | 毒女ニュース
菅野美穂,https://idolscope.com/wp-content/uploads/2014/03/idolscope0037.jpg,菅野美穂のアイコラ含む過激なオナネタを集めました 38枚
菅野美穂,https://img.kirarapost.jp/image/writer_contents/2016/10/17/16/9387/tFokSSKhzPt3Vvn4JXAb_l.jpg,菅野美穂さん“有名人っぽくない”倹約ぶりが話題！｜KiraraPost ...
菅野美穂,https://i.ytimg.com/vi/xBhtwoVoFlw/maxresdefault.jpg,いいなCM 三井ホーム 菅野美穂 「住む人の中に」篇 - YouTube
菅野美穂,http://www.officiallyjd.com/wp-content/uploads/2012/10/20121020_kitagawa_22.jpg,菅野美穂 | 毒女ニュース
菅野美穂,https://d39t9tn4y25mgl.cloudfront.net/wp-content/uploads/2012/10/IMG_0334.jpg,堺雅人、菅野美穂に「絡み、まとわりついた」 舞台あいさつで ...
菅野美穂,http://newslounge.net/wp-content/uploads/2014/10/tiff15.jpg,【TIFF2014】菅野美穂、セクシーなドレスでレッドカーペット ...
菅野美穂,http://www.crank-in.net/img/db/1103866_300.jpg,＜TIFF2014＞菅野美穂、セクシーな胸元を披露 『ベイマックス ...
菅野美穂,http://livedoor.blogimg.jp/aokichanyon444/imgs/4/e/4eb59096.jpg,菅野美穂、結婚後の「心境」語る
菅野美穂,http://www.officiallyjd.com/wp-content/uploads/2015/05/20150506_kannomiho_29.jpg,ドラマ『イグアナの娘』 菅野美穂 | 毒女ニュース
菅野美穂,http://www.wakaumi.co.jp/newarrival/H26.5.26.3.jpg,菅野美穂上原瑞穂＠PRESTIGE
菅野美穂,http://i.huffpost.com/gen/3300598/images/o-MIHO-KANNO-facebook.jpg,菅野美穂152枚&jjgirls美尻
菅野美穂,http://prtimes.jp/i/9276/5/origin/d9276-5-959615-0.jpg,菅野美穂152枚&jjgirls美尻
菅野美穂,http://livedoor.blogimg.jp/ohisamanews/imgs/5/0/501f60be.jpg,【放送事故】菅野美穂のテンションがやばすぎると話題に ...
菅野美穂,https://data.jisin.jp/contents_img/116/606/116606.jpeg,菅野美穂が開いたお忍び食事会、招かれた先輩ママ女優とは ...
菅野美穂,http://news.biglobe.ne.jp/entertainment/0301/9260871745/kanno2_thum630.jpg,ヌーディーカラーでまとめた菅野美穂 美脚と二の腕にラブ ...
