宮崎あおい,http://www5d.biglobe.ne.jp/~kintaro2/img20040501160348.jpg,宮崎あおい12
宮崎あおい,http://www.officiallyjd.com/wp-content/uploads/2012/04/20120401_joyuu_11.jpg,宮崎あおい | 毒女ニュース
宮崎あおい,http://img5.blogs.yahoo.co.jp/ybi/1/15/3a/hopstepjump86/folder/1462123/img_1462123_39603168_5?1315360684,Yahoo! - 999 Unable to process request at this time -- error 999
宮崎あおい,http://misuzu9.bakufu.org/a1013005.jpg,宮崎あおい
宮崎あおい,http://pic.prepics-cdn.com/yuiyui4785/42932843.jpeg,【画像あり】宮崎あおい、アラサーなのにめっちゃかわいいと ...
宮崎あおい,http://geinoujinmeiku.com/wp-content/uploads/2015/04/37918711.jpg,宮崎あおい投稿画像&彩城ゆりな
宮崎あおい,http://korean-channel.com/wp-content/uploads/2016/09/bbe6c66ed155094cc2de30735066c835.jpg,イ・ジュンギの熱愛彼女と噂された女性まとめ | K-Channel
宮崎あおい,http://pic.prepics-cdn.com/heaven82/18355914.jpeg,宮崎あおいの出演時間
宮崎あおい,http://www.cinemacafe.net/imgs/p/ATDRThl-6oWF9fpps9341csCOg8ODQwLCgkI/278080.jpg,【画像】宮崎あおい、大胆なショートカット姿を披露！「午後 ...
宮崎あおい,https://i2.wp.com/solife-a.com/wp-content/uploads/2015/08/2-e1439203337624.jpg,宮崎あおいが岡田准一と熱愛するきっかけと高岡奏輔との離婚 ...
宮崎あおい,http://pic.prepics-cdn.com/vrouge/18782678.jpeg,宮崎あおい
宮崎あおい,http://www5d.biglobe.ne.jp/~kintaro2/aoi26.jpg,宮崎あおいsp
宮崎あおい,http://k636515.blog.so-net.ne.jp/_images/blog/_095/k636515/E5AEAEE5B48EE38182E3818AE38184155.jpg,宮崎あおい投稿画像&彩城ゆりな
宮崎あおい,http://www.officiallyjd.com/wp-content/uploads/2012/07/20120705_aoiyuu_12.jpg,宮崎あおい | 毒女ニュース
宮崎あおい,http://img02.naturum.ne.jp/usr/american/aoi.jpg,Japanese Celebrities Pics: 宮崎あおい - GP02
宮崎あおい,http://up.gc-img.net/post_img/2016/02/O5VFLhSmFSO2ZIq_O3Qx2_829.jpeg,宮崎あおいの出演時間
宮崎あおい,http://img.rbbtoday.com/imgs/zoom/289898.jpg,宮崎あおいの出演時間
宮崎あおい,http://k636515.blog.so-net.ne.jp/_images/blog/_095/k636515/E5AEAEE5B48EE38182E3818AE38184102-ebae3.jpg,宮崎あおいと大橋のぞみ似ている？島崎遥香も？ - 宮崎あおい ...
宮崎あおい,http://pic.prepics-cdn.com/yuiyui4785/34667719.jpeg,宮崎あおいあうらまま micro bikini112枚
宮崎あおい,http://blogs.c.yimg.jp/res/blog-94-03/bump_of_chicken_mikko/folder/1369425/67/26490667/img_0?1140957539,宮崎あおい - 月紅 - Yahoo!ブログ
宮崎あおい,http://img.rbbtoday.com/imgs/sp/photo/286507.jpg,画像 : 【121枚】女優 宮崎あおいの素顔・私服画像 - NAVER まとめ
宮崎あおい,http://blog-imgs-44.fc2.com/i/c/h/ichisan316/2010061015581838c.jpg,Roadside Diary 宮崎あおい : ぱるると二階堂ふみと宮崎あおいが似 ...
宮崎あおい,http://k636515.blog.so-net.ne.jp/_images/blog/_095/k636515/E5AEAEE5B48EE38182E3818AE38184117-6bb93.jpg,宮崎あおいの黒髪ぱっつん？ - 宮崎あおい応援ブログ！！
宮崎あおい,http://yes-sports.com/wp-content/uploads/2014/10/miyazakihana1.jpg,宮崎あおいの鼻やメイクが話題に。不倫後も国民的人気は衰え ...
宮崎あおい,http://www.officiallyjd.com/wp-content/uploads/2011/12/201111229_aoi_24.jpg,宮崎あおい | 毒女ニュース : ！？島崎遥香、二階堂ふみ、宮崎 ...
宮崎あおい,http://www.aoimiyazaki.jp/img/top_ph02.jpg,宮崎あおい投稿画像
宮崎あおい,http://farm4.static.flickr.com/3210/2802337383_a457994b32_o.jpg,宮崎あおい : 【おでこ】女性芸能人のデコ出しヘアスタイル集 ...
宮崎あおい,http://www.officiallyjd.com/wp-content/uploads/2012/04/20120427_takaoka_02.png,宮崎あおい | 毒女ニュース
宮崎あおい,http://stat.news.ameba.jp/news_images/20110822/23/dc/86/j/o040006000_14802.jpg,今井はつ …宮崎あおい : あさが来た《キャストあらすじロケ地 ...
宮崎あおい,http://pic.prepics-cdn.com/ha19950131/36362637.jpeg,宮崎あおいの出演時間
宮崎あおい,https://pbs.twimg.com/profile_images/429477809329676289/NdS1dXXn.jpeg,宮崎あおい (@saaaaaki_siban) | Twitter
宮崎あおい,http://k636515.blog.so-net.ne.jp/_images/blog/_095/k636515/E5AEAEE5B48EE38182E3818AE38184EFBC94EFBC91.jpg,宮崎あおいのお茶のCMの男の子、三船海斗とは？ - 宮崎あおい ...
宮崎あおい,http://www.officiallyjd.com/wp-content/uploads/2013/04/20130403_shifuku_31.gif,宮崎あおい | 毒女ニュース
宮崎あおい,http://blogs.c.yimg.jp/res/blog-15-3a/hopstepjump86/folder/1462123/68/39603168/img_4?1315360684,画像 : 【121枚】女優 宮崎あおいの素顔・私服画像 - NAVER まとめ
宮崎あおい,http://www.earth1999.jp/wallpaper/13dgareda/4.jpg,画像 : 透明感が半端ない！宮崎あおいにべた惚れする画像59選 ...
宮崎あおい,http://k636515.blog.so-net.ne.jp/_images/blog/_095/k636515/E382AAE383AAE383B3E38391E382B97-d066c.jpg,【画像】宮崎あおいのCMまとめ！ - 宮崎あおい・二階堂ふみ応援 ...
宮崎あおい,https://www.sponichi.co.jp/entertainment/news/2017/12/22/jpeg/20171222s00041000396000p_thum.jpg,岡田准一＆宮崎あおい結婚 ファンにあいさつ状 イブに到着予定 ...
宮崎あおい,http://netgeek.biz/wp-content/uploads/2017/04/miyazakiaoi-ootakeshinobu-2.jpg,【悲報】宮崎あおいがベリーショートにして大竹しのぶになっ ...
宮崎あおい,http://www.officiallyjd.com/wp-content/uploads/2014/01/20140128_miyazaki_28.jpg,宮崎あおい | 毒女ニュース
宮崎あおい,http://pic.pimg.tw/albertayu773/1316114920-3314649985.jpg,壁紙專區(1) - 宮崎あおい : 【画像】宮崎あおいの髪型とメイク ...
宮崎あおい,http://www.officiallyjd.com/wp-content/uploads/2017/03/20170328_yamasakisenri_35.jpg,宮崎あおい | 毒女ニュース
宮崎あおい,http://i1.wp.com/arukunews.jp/wp-content/uploads/2015/08/bbe938ec1e9aa8fd15e151b6d12dca68_10393.jpeg?fit=600%2C400,宮崎あおいとV6岡田が熱愛交際！馴れ初めや結婚(再婚)の可能性 ...
宮崎あおい,https://i.ytimg.com/vi/5NPFjhHvLNc/maxresdefault.jpg,宮崎あおい オリンパス2014秋 「私の写真は、私の今だ」篇30s ...
宮崎あおい,https://i1.wp.com/mjktops.com/wp-content/uploads/2015/12/%E5%AE%AE%E5%B4%8E%E3%81%82%E3%81%8A%E3%81%84%E3%83%97%E3%83%AD%E3%83%95%E7%94%BB%E5%83%8F%EF%BC%92.jpg,宮崎あおいと岡田准一の現在は破局寸前だった？宮崎あおいの ...
宮崎あおい,https://i1.wp.com/netnews-bank.co/blog/wp-content/uploads/2016/05/asatohatu.png,宮崎あおいと岡田准一結婚か？バツイチ・不倫ジャニーズは ...
宮崎あおい,http://k636515.blog.so-net.ne.jp/_images/blog/_095/k636515/E5AEAEE5B48EE38182E3818AE38184169-5b47d.jpg,劣化が止まらない？宮崎あおいの烏龍茶のCMは？ - 宮崎あおい ...
宮崎あおい,https://i.ytimg.com/vi/bYrOBGk1t1c/maxresdefault.jpg,宮崎あおい投稿画像253枚
宮崎あおい,http://k636515.blog.so-net.ne.jp/_images/blog/_095/k636515/E5AEAEE5B48EE38182E3818AE3818412.png,宮崎あおいの趣味 カメラ？編み物？ - 宮崎あおい応援ブログ！！
宮崎あおい,http://www5d.biglobe.ne.jp/~kintaro2/970.jpg,宮崎あおい9
宮崎あおい,http://neoapo.com/images/voiceartist/2036/debdec103f57c12f20df6890fb627e5e.jpg,宮崎あおい | NeoApo アニメ･ゲームDBサイト
宮崎あおい,http://ksseggipek.fc2web.com/image2/aoi-m014-1.jpg,KSSEGGIPEk's web
宮崎あおい,http://img5.blogs.yahoo.co.jp/ybi/1/9b/d5/ji21pp5ou/folder/341091/img_341091_16812257_0,宮崎あおい via ソラニン・宮崎あおい - ぼんくら常楽さ
宮崎あおい,http://xn--xgst18m.biz/wp-content/uploads/2015/12/%E5%AE%AE%E5%B4%8E%E3%81%82%E3%81%8A%E3%81%84-%E9%AB%AA%E5%9E%8B-%E7%BE%8E%E5%AE%B9%E5%AE%A4-%E3%82%AA%E3%83%BC%E3%83%80%E3%83%BC%E6%96%B9%E6%B3%95-%E3%82%AB%E3%83%A9%E3%83%BC%E3%83%AA%E3%83%B3%E3%82%B0.jpeg,宮崎あおいの髪型はロングが素敵！作り方やオーダー方法は ...
宮崎あおい,http://k636515.blog.so-net.ne.jp/_images/blog/_095/k636515/E5AEAEE5B48EE38182E3818AE3818469.jpg,宮崎あおいと高岡奏輔の結婚～離婚までについて。 | LAUGHY [ラフィ]
宮崎あおい,http://40.media.tumblr.com/b234e70aae9ecf381e764f692107e432/tumblr_muadz3rUNZ1qaqqspo1_500.png,fukunono22:宮崎あおい
宮崎あおい,http://www.cinemacafe.net/imgs/p/ATDRThl-6oWF9fpps9341csCOg8ODQwLCgkI/62114.jpg,【画像】宮崎あおい、この春は「サーフィンを始めたい！」 (3/9 ...
宮崎あおい,http://livedoor.blogimg.jp/geenoohairstyle/imgs/f/a/fa1faf1a.jpg,宮崎あおいの髪型【2013映画｜きいろいゾウ】 : イマドキ芸能人 ...
宮崎あおい,http://www.officiallyjd.com/wp-content/uploads/2012/11/20121102_miyazakiaoi_252.jpg,宮崎あおい | 毒女ニュース
宮崎あおい,http://blogs.c.yimg.jp/res/blog-15-3a/hopstepjump86/folder/1462123/20/32989320/img_4?1157818086,宮崎あおい ( ドラマ番組 ) - ちくくたくく日記 - Yahoo!ブログ
宮崎あおい,http://pic.pimg.tw/albertayu773/1324924944-375214000.jpg,【画像】宮崎あおいの髪型とメイク【二階堂ふみとそっくり ...
宮崎あおい,http://i0.wp.com/anincline.com/wp-content/uploads/2015/08/f7cf3d3da76cb95ec8cc52f39a447237.png?fit=565%2C535,宮崎あおい 岡田准一と結婚？！高岡蒼甫の反応は？朝ドラ ...
宮崎あおい,https://i.ytimg.com/vi/AAxdoxaYWG0/maxresdefault.jpg,宮崎あおいの“セルフィー”が美しすぎる オリンパス新CM「私 ...
宮崎あおい,http://japarazzi.jp/wp/wp-content/uploads/2016/03/42932843.jpeg,宮崎あおいの彼氏・熱愛情報まとめ | JAPARAZZI
宮崎あおい,http://media-cache-ak0.pinimg.com/736x/28/61/78/286178f75775752b2b55bee8656b6924.jpg,宮崎あおいaoi_miyazaki | 宮崎あおい | Pinterest
宮崎あおい,"http://ec2.images-amazon.com/images/P/B0091HFDVO.01._SCRMZZZZZZ_CR290,80,360,694_.jpg",宮崎あおい freeサイズ 女性タレント画像4125 スマポ
宮崎あおい,http://k636515.blog.so-net.ne.jp/_images/blog/_095/k636515/E5AEAEE5B48EE38182E3818AE38184114.jpg,宮崎あおいの黒髪ぱっつん？ - 宮崎あおい応援ブログ！！
宮崎あおい,https://c1.staticflickr.com/1/48/163648079_2baa994ce1.jpg,宮崎あおい 「好きだ、」 | K. O. | Flickr
宮崎あおい,http://images-jp.amazon.com/images/P/4898151248.09.LZZZZZZZ.jpg,宮崎あおいとは
宮崎あおい,http://blog-imgs-34-origin.fc2.com/d/a/i/dai4/miyazaki_married.jpg,宮崎あおい結婚 - Memoirs_of_dai -
宮崎あおい,http://wp.the-rankers.com/wp-content/uploads/2017/06/c454f1fb-2851-4beb-b1d6-abd6130cf0e6.png,宮崎あおいの性格がわかるエピソード5選！ | The-Rankers
宮崎あおい,https://pbs.twimg.com/profile_images/2248906955/image.jpg,宮崎あおい (@M_aoityan) | Twitter
宮崎あおい,http://k636515.blog.so-net.ne.jp/_images/blog/_095/k636515/E382A2E38395E383A9E38383E382AF2-e80f7.jpg,【画像】宮崎あおいのCMまとめ！ - 宮崎あおい・二階堂ふみ応援 ...
宮崎あおい,http://articleimage.nicoblomaga.jp/image/153/2013/0/4/04c6d630969e9a61172882350caeda06304e58c31377966004.jpg,宮崎あおいちゃんはなんであんなに可愛いのか？::ぱぴぷ速報
宮崎あおい,http://upload.wikimedia.org/wikipedia/commons/7/76/Aoi_Miyazaki_2009_Elan_D%E2%80%99or_Awards.jpg,宮崎あおい - アイドルz 女性有名人画像ブログ
宮崎あおい,https://pbs.twimg.com/profile_images/1140789305/miyazakiaoi.png,宮崎あおい通知Bot (@miyazakiaoi_bot) | Twitter
宮崎あおい,http://k636515.blog.so-net.ne.jp/_images/blog/_095/k636515/E5AEAEE5B48EE38182E3818AE38184133-108fb.jpg,宮崎あおいのショート 似合う髪型は？ - 宮崎あおい応援ブログ
宮崎あおい,http://i.ytimg.com/vi/T4KfUHEIhNU/maxresdefault.jpg,宮崎あおいの髪型 EARTHが人気 - YouTube
宮崎あおい,https://i1.wp.com/solife-a.com/wp-content/uploads/2015/08/%E9%AB%98%E5%B2%A1%E8%92%BC%E7%94%AB.jpg,宮崎あおいが岡田准一と熱愛するきっかけと高岡奏輔との離婚 ...
宮崎あおい,https://d1xt3jet61y36q.cloudfrontex.net/package/file/parts/1904/84c365ac0c25dc85ad53312ab7c71e55.jpg,宮崎あおい投稿画像
宮崎あおい,http://25.media.tumblr.com/tumblr_m2dgudY9Y81qhxp2eo1_1280.jpg,l-v-l - 宮崎あおい
宮崎あおい,http://www5d.biglobe.ne.jp/~kintaro2/img100142_32.jpg,宮崎あおい8
宮崎あおい,http://www.officiallyjd.com/wp-content/uploads/2013/09/20130831_sawajiri_29.jpg,宮崎あおい | 毒女ニュース
宮崎あおい,http://s.cinematoday.jp/res/A0/00/16/A0001642-00.jpg,宮崎あおいは関東連合と繋がりがある元ヤンキー？在日疑惑も ...
宮崎あおい,http://blog-imgs-26.fc2.com/i/d/o/idolnet2008/miyazakiaoi03.jpg,アイドル画像レアもの!!特集 - 宮崎あおい
宮崎あおい,http://livedoor.blogimg.jp/akb48matomemory/imgs/7/b/7b63a91a.png,宮崎あおいと高岡奏輔の結婚～離婚までについて。 | LAUGHY [ラフィ]
宮崎あおい,http://livedoor.4.blogimg.jp/nanjsaikouya/imgs/2/a/2aad178d.jpg,【画像】宮崎あおいの髪型とメイク【二階堂ふみとそっくり ...
宮崎あおい,https://pbs.twimg.com/profile_images/443558060028485632/dFPNdcZz.jpeg,Tweets with replies by 宮崎あおいちゃん♡ (@aoimiyazaki3) | Twitter
宮崎あおい,http://ksseggipek.fc2web.com/image/aoi-m011.jpg,2011年05月06日のつぶやき ｜ 宮崎あおい★大好きつぶやき
宮崎あおい,http://blogimg.goo.ne.jp/user_image/69/b6/488fef62622b985514e973710e8dd9a3.jpg,今日は宮崎あおい生誕記念日だ - 俺の日記
宮崎あおい,http://blog-imgs-58.fc2.com/a/k/b/akberogazou/a5906.jpg,宮崎あおい セクシー 口開け 舌 ウインク 顔アップ カメラ目線 ...
宮崎あおい,http://i.ytimg.com/vi/sniTEfPv_oU/maxresdefault.jpg,宮崎あおい - YouTube
宮崎あおい,http://geinoumaruhi.com/wp-content/uploads/2015/08/ma-6.jpg,宮崎あおいが離婚調停中に不倫していた！？ 噂の彼氏とは ...
宮崎あおい,https://image.space.rakuten.co.jp/lg01/87/0001004387/94/img53f64bcazik0zj.jpeg,宮崎あおい | おこじょ・ごのブログ - 楽天ブログ
宮崎あおい,https://d1xt3jet61y36q.cloudfrontex.net/package/file/parts/1904/24c56be1aab9cf8ef006850b31d24e3a.jpg,宮崎あおいの身長・体重から胸のカップ数までくまなく調査 ...
宮崎あおい,http://farm1.static.flickr.com/56/140757266_2f5899b28c_o.jpg,宮崎あおいのヘアスタイル写真集 - ウルフカット? : 宮崎あおい ...
宮崎あおい,http://www.officiallyjd.com/wp-content/uploads/2012/07/20120721_aoiyuu_06.jpg,宮崎あおい | 毒女ニュース
宮崎あおい,http://k636515.blog.so-net.ne.jp/_images/blog/_095/k636515/sugao.jpg,【画像】宮崎あおいのCMまとめ！ - 宮崎あおい・二階堂ふみ応援 ...
宮崎あおい,http://www5d.biglobe.ne.jp/~kintaro2/AOI30.JPG,宮崎あおい17
宮崎あおい,http://i.ytimg.com/vi/CkAS1RZOoOk/maxresdefault.jpg,宮崎あおいの前髪ぱっつん可愛い！切り方・カット方法に注目！｜
宮崎あおい,http://blogs.c.yimg.jp/res/blog-19-57/fkxfm680/folder/1006918/31/31285531/img_2?1363689383,女優として生き残る条件とは・・・ ( ブログバトン ) - 宮崎 ...
宮崎あおい,http://www.sankei.com/images/news/150717/ent1507170011-p1.jpg,画像 : 芸能人スナップ写真のまとめ ＃0006 【宮崎あおい】 - NAVER ...
宮崎あおい,http://k636515.blog.so-net.ne.jp/_images/blog/_095/k636515/E5AEAEE5B48EE38182E3818AE3818471.jpg,画像:earth music&ecologyのイメージキャラクターである宮崎あおい ...
宮崎あおい,http://nigaoe-sagaso.com/img/special/002842-176.jpg,宮崎あおい のイラストまとめ - 似顔絵さがそ
宮崎あおい,http://blog-imgs-32.fc2.com/a/v/r/avrilcom/20081223024105.jpg,美女みる | BIJOMIRU 宮崎 あおい
宮崎あおい,http://i.ytimg.com/vi/8fYd4Jh_9oE/maxresdefault.jpg,【整形疑惑】 宮崎あおいの鼻が変化したとの噂 - YouTube
宮崎あおい,http://img.eiga.k-img.com/images/person/72330/e459de63dae20723/640.jpg,宮崎あおい - 映画.com
宮崎あおい,http://image.space.rakuten.co.jp/lg01/94/0000782294/15/img40a3b10bzikdzj.jpeg,宮崎あおい篤姫変わらず最高視聴率！仕事外の顔は!?高岡蒼甫 ...
宮崎あおい,http://www.officiallyjd.com/wp-content/uploads/2015/07/20150702_miyazakiaoi_36.jpg,宮崎あおい | 毒女ニュース
宮崎あおい,http://poccyary.com/wp-content/uploads/2015/10/%E5%86%92%E9%A0%AD_%E5%AE%AE%E5%B4%8E%E3%81%82%E3%81%8A%E3%81%840001.jpg,宮崎あおいの鼻が元に戻った！？変な傷はあるか？ | ポッチ ...
宮崎あおい,http://k636515.blog.so-net.ne.jp/_images/blog/_095/k636515/E5AEAEE5B48EE38182E3818AE38184173.jpg,劣化が止まらない？宮崎あおいの烏龍茶のCMは？ - 宮崎あおい ...
宮崎あおい,http://mdpr.jp/photo/images/2014/01/30/0_1191848.jpg,宮崎あおい＆岡田准一熱愛か？！CMにドラマ、映画に人気の俳優 ...
宮崎あおい,http://livedoor.blogimg.jp/jakejaken1985/imgs/b/8/b8e02955.JPG,宮崎あおい&jjgirlsまんこ
宮崎あおい,http://ksseggipek.fc2web.com/image/aoi-m017.jpg,宮崎あおい156枚&あうらまま micro bikini
宮崎あおい,http://image.blog.livedoor.jp/ahiru46deko/imgs/1/4/14c10fc8.jpg,宮崎あおい : 【三井の】リハウスガールの姉妹役をやってた人 ...
宮崎あおい,http://cdn-ak.f.st-hatena.com/images/fotolife/a/annion/20140506/20140506222147.jpg,宮崎あおい : 【おしゃれファッション】 かわいい服 きれいな服 ...
宮崎あおい,http://37.media.tumblr.com/tumblr_mcuaa7K9NV1qzok3qo1_1280.jpg,(via DESKTOP PICTURE COLLECTION - 宮崎あおい)
宮崎あおい,http://pic.prepics-cdn.com/4291e057e9802/43008883.jpeg,実力派！清純派！女優・宮崎あおいのプロフィールとは？｜
宮崎あおい,http://www.earth1999.jp/img/top/ss03.jpg,宮崎あおい : 【おでこ】女性芸能人のデコ出しヘアスタイル集 ...
宮崎あおい,http://livedoor.blogimg.jp/moe2010-galleria/imgs/0/9/092e9585.jpg,宮崎あおい 物忘れのひどさに悩み、脳検査も受けた女優 宮崎 ...
宮崎あおい,http://static.nikkan-gendai.com/img/article/000/162/644/86041aebecd7e807a6e204be58d5a5cb20150812125300450.jpg,井ノ原と酷似 岡田准一＆宮崎あおい「交際発覚」を深読みする ...
宮崎あおい,http://file.aoiaoiaoi.blog.shinobi.jp/miyaoi.jpg,宮崎あおいの画像・写真・壁紙・動画をGet！「宮崎あおい ...
宮崎あおい,http://www.officiallyjd.com/wp-content/uploads/2011/07/20110724_takaoka_21.jpg,宮崎あおいと高岡奏輔の結婚～離婚までについて。 | LAUGHY [ラフィ]
宮崎あおい,http://news-trend.net/wp-content/uploads/2013/04/2012-04-12-aoi.jpg,宮崎あおい | いまどきNEWS
宮崎あおい,http://k636515.blog.so-net.ne.jp/_images/blog/_095/k636515/E5AEAEE5B48EE38182E3818AE3818462.jpg,画像 : 【121枚】女優 宮崎あおいの素顔・私服画像 - NAVER まとめ
宮崎あおい,https://prof.prepics-cdn.com/image/upload/v1464101507/prcm_news-gazo-61689-1.jpg,宮崎あおいの“透けレイヤード”ドレスが可愛い！揺れる裾に ...
宮崎あおい,http://www.officiallyjd.com/wp-content/uploads/2012/03/20120329_takaokasousuke_21.jpg,宮崎あおい | 毒女ニュース
宮崎あおい,http://up.gc-img.net/post_img/2013/02/2LBNmzQuaCbktPE_kJGXk_44.jpeg,宮崎あおい『earth music＆ecology』のCMでモヒカンの男性を子供扱い ...
宮崎あおい,https://pbs.twimg.com/profile_images/561149770744348673/9vMOpgft.jpeg,宮崎あおい言葉集 (@Aoi_kotoba) | Twitter
宮崎あおい,http://livedoor.blogimg.jp/zozo11/imgs/1/c/1cc0eaf7.jpg,宮崎あおい岡田准一が結婚発表か！日本アカデミー賞2017で伊勢 ...
宮崎あおい,http://www.officiallyjd.com/wp-content/uploads/2013/01/20130119_masuwakatsubasa_07.jpg,宮崎あおい | 毒女ニュース
宮崎あおい,http://blog-imgs-70.fc2.com/h/e/e/heekogirl/007943_06s.jpg,岡田准一と宮崎あおいの肩組み熱愛ツーショットがヤバすぎる ...
宮崎あおい,http://blog-imgs-12-origin.fc2.com/r/i/g/right01/miyazakiaoi12.jpg,宮崎あおい ちょいエロ画像アイドルちょいエロ画像
宮崎あおい,http://a4.att.hudong.com/23/05/01300000207779121715058050558.jpg,《只是爱着你》宫崎葵_图片_互动百科
宮崎あおい,https://s3-ap-northeast-1.amazonaws.com/curet-storage-product/52505af6-7782-4821-a1c8-192f4f9fefab.jpg,【画像50枚以上】宮崎あおいちゃんの画像まとめ【earth】 | LAUGHY ...
宮崎あおい,http://hungtime-times.com/hung_time_writers/entry_img/miyazakiaoi2.JPG,"est100 一些攝影(some photos): Aoi Miyazaki, (宮﨑 あおい), 宮崎葵"
宮崎あおい,http://www.aoimiyazaki.jp/img/filme_ph01.jpg,宮崎あおい投稿画像262枚
宮崎あおい,http://sayumi9.ehoh.net/life00plussupplements013024.jpg,宮崎あおい
宮崎あおい,http://pic.prepics-cdn.com/ram24k/23836622.jpeg,宮崎あおい [23836622] | 完全無料画像検索のプリ画像! : ！？島崎 ...
宮崎あおい,https://i.ytimg.com/vi/R9m0WqrJxJk/maxresdefault.jpg,宮崎あおい ベリーショート
宮崎あおい,http://k636515.blog.so-net.ne.jp/_images/blog/_095/k636515/E381B1E3828BE3828BE38080E5AEAEE5B48EE38182E3818AE38184EFBC96.jpg,宮崎あおいとぱるる似すぎ？ - 宮崎あおい応援ブログ！！
宮崎あおい,http://mdpr.jp/photo/images/2014/04/07/400c-_1251487.jpg,宮崎あおいがイメージ一新「見たことのない感じ」 - モデルプレス
宮崎あおい,http://www.crank-in.net/img/db/505179_1200.jpg,宮崎あおいの鼻毛wwwwwwwwwwwwwwwwwwwwww [915853129]
宮崎あおい,http://image.space.rakuten.co.jp/lg01/30/0000890230/82/img867c6da6zik9zj.jpeg,宮崎あおいさん 見て和む画像壁紙集 | まとめアットウィキ
宮崎あおい,http://www.tokyo-sports.co.jp/wp-content/uploads/2015/08/41ff181da97082089fc2274d9d7641c5.jpg,宮崎あおい
宮崎あおい,http://k636515.blog.so-net.ne.jp/_images/blog/_095/k636515/E5AEAEE5B48EE38182E3818AE38184185.jpg,宮崎あおいの離婚の理由はdv? - 宮崎あおい・二階堂ふみ応援 ...
宮崎あおい,https://i.ytimg.com/vi/kwO2vA0NguY/hqdefault.jpg,宮崎あおい CM earth music＆ecology 野球篇 - YouTube
宮崎あおい,http://pic.prepics-cdn.com/yuiyui4785/34630406.jpeg,宮崎あおい（みやざき あおい） : 【年代別】1980年代生まれの ...
宮崎あおい,http://k636515.blog.so-net.ne.jp/_images/blog/_095/k636515/E5AEAEE5B48EE38182E3818AE3818467.jpg,宮崎あおい応援ブログ！！
宮崎あおい,http://take-y.com/wp-content/uploads/2014/03/original.png,宮﨑あおい 鼻整形？ハーフ？私服かわいい【画像】
宮崎あおい,http://livedoor.blogimg.jp/diet2channel/imgs/7/8/78c007a9.jpg,【画像】最近の宮崎あおい、雰囲気が変わりすぎだと話題に ...
