菜々緒,http://www.officiallyjd.com/wp-content/uploads/2013/08/20130802_minegishi_07.jpg,D5C24768780C42D2B2B3658F29BADCDD40669D81
菜々緒,http://line.blogimg.jp/official/imgs/7/b/7b77c8d3.jpg,A1EC062B5C0FA74B1C8851D7E94D5D8E9508D19D
菜々緒,https://s-media-cache-ak0.pinimg.com/736x/a0/c0/9e/a0c09e33e3995092cb6a476b96acb3bc.jpg,6C1FEC3744639A84EB508E23F3D2597895AE471D
菜々緒,http://www.maniado.jp/usrimg/530_0f8e824d449f23df7a1ed0f3a30768e7,50AF27E76C72B92EB0A150AF27E76C72B92EB0A1
菜々緒,http://stat.news.ameba.jp/news_images/20121006/11/65/7a/j/o045006750_56958.jpg,2BE7326B3323A730A11D03518BEE000BD3C6A8B9
菜々緒,http://tokyo-gstyle.com/wp-content/uploads/2013/07/nanao0729-2.jpg,D808A2FB67D0A9F64FEB01CB1ED69004271E5BAF
菜々緒,http://hanaseed.net/wp-content/uploads/2015/02/nanao4.jpg,D89C737180A808889C4B7E496D6F061CD7CFD2E0
菜々緒,http://www.officiallyjd.com/wp-content/uploads/2014/11/20141118_zawatin_44.jpg,1B0418732977E1C44E8998816EDD18C19642A052
菜々緒,http://www.officiallyjd.com/wp-content/uploads/2013/07/20130726_nanao_02.jpg,8B6B8DEDA574FE2FAB66076CC6797F8BDD7952A5
菜々緒,https://s-media-cache-ak0.pinimg.com/736x/9c/80/2b/9c802bcbd91a786c103eea81960fea66.jpg,A5E9329D55708C30820D0F1892D19D2DF9F45B34
