 三上悠亜,https://s-media-cache-ak0.pinimg.com/736x/f1/ed/a6/f1eda6304c0f45f434050d025ebde521--yua-mikami-maki.jpg,"82 bästa bilderna om Yua Mikami på Pinterest | Skådespelerskor, Galaxer och Tumblers"
 三上悠亜,http://www.officiallyjd.com/wp-content/uploads/2016/11/20161112_mikamiyua_22.jpg,三上悠亜 | 毒女ニュース
 三上悠亜,http://ecx.images-amazon.com/images/I/51zKYCQhmJL.jpg,画像 : 元SKE48!!元アイドル!!!鬼頭桃菜が三上悠亜に改名し再 ...
 三上悠亜,https://s-media-cache-ak0.pinimg.com/originals/f2/a2/84/f2a284e8c9bdb01da47461997305512d.jpg,Pin von ssrryoma auf 白い服を着た女の子 | Pinterest
 三上悠亜,http://www.officiallyjd.com/wp-content/uploads/2016/11/20161112_mikamiyua_12.jpg,三上悠亜 | 毒女ニュース
 三上悠亜,http://static.pinky-media.jp/matome/file/parts/I0010048/3e692d6a415b3920f6aa9881f5e1899e.jpg,【AV堕ち】元SKE三上悠亜（鬼頭桃菜）画像・流出写真！MUTEKI ...
 三上悠亜,http://www.officiallyjd.com/wp-content/uploads/2017/01/20170130_kawamuramahiro_39.jpg,人気【AV女優】 三上悠亜 セクシー画像ランキング - NAVER まとめ
 三上悠亜,http://i2.wp.com/news.happy-affiliate.com/wp-content/uploads/2015/05/N1-15050105-00-%E5%85%83SKE48-%E9%AC%BC%E9%A0%AD%E6%A1%83%E8%8F%9C-%E4%B8%89%E4%B8%8A%E6%82%A0%E4%BA%9C.jpg?resize=287%2C215,画像 : 三上悠亜 画像 - NAVER まとめ
 三上悠亜,http://www.officiallyjd.com/wp-content/uploads/2017/06/20170626_komaichikako_26.jpg,三上悠亜 | 毒女ニュース
 三上悠亜,http://www.officiallyjd.com/wp-content/uploads/2017/06/20170627_asukakirara_321.jpg,三上悠亜 | 毒女ニュース
 三上悠亜,https://s1.yimg.com/bt/api/res/1.2/740uHCz413fZA6fEF20u9Q--/YXBwaWQ9eW5ld3M7cT04NTt3PTQwMA--/http://media.zenfs.com/zh-Hant_TW/News/yahoobeauty/20150510223447_easonhou_272448.jpg,三上悠亞 | [組圖+影片] 的最新詳盡資料** (必看!!) - yes-news.com
 三上悠亜,http://hello-seela.blog.so-net.ne.jp/_images/blog/_3c0/hello-seela/km-93b02.jpg,画像 : 【AKB】三上悠亜こと鬼頭桃菜さんが謝罪会見 - NAVER まとめ
 三上悠亜,http://ww1.sinaimg.cn/large/005tQTw1jw1ey9u2f9eq2j30sg0lcdhz.jpg,三上悠亜yamidas素人mannko投稿画像401枚
 三上悠亜,https://blog-imgs-98-origin.fc2.com/n/i/p/nipponjinn/201701121946084dc.jpg,鬼頭 桃菜(三上悠亜) 水着・グラビア画像6 - 大盛りあがり ...
 三上悠亜,https://cdn.amebaowndme.com/madrid-prd/madrid-web/images/sites/121508/7b13cca970a6eae1f46625638213900b_3a2cc2bd26844834e05b77f95b7500b7.jpg,三上悠亜「普段言えないようなセリフを言えて楽しかった（笑 ...
 三上悠亜,https://i.pinimg.com/originals/13/d3/08/13d308f163cbfa1d1218e9e96880ecfd.jpg,「三上 悠亜」おしゃれまとめの人気アイデア｜Pinterest ｜I_love ...
 三上悠亜,http://images.gamme.com.tw/news2/2015/21/86/pZuZpqGYk6aZqg.jpg,《宅宅AVDay》三上悠亜第二支作品明年1月推出
 三上悠亜,http://akb.48lover.com/wp-content/uploads/2015/12/1450437694-6a88086a8dd1466189798cbec4672c12.jpg,三上悠亜投稿画像112枚&yamigama素人
 三上悠亜,http://www.officiallyjd.com/wp-content/uploads/2017/07/20170703_motoakb_32.jpg,三上悠亜 鬼頭桃菜 | 毒女ニュース
 三上悠亜,http://info-catcher.jp/wp-content/uploads/2016/03/8e6e9936jw1euudpieekwj20db0hsmz2.jpg,過激！AV女優・三上悠亜がFLASHで“ボンデージ”画像を披露 | Info ...
 三上悠亜,http://eronetachannel.info/wp-content/uploads/2015/12/mikamiyuakaikanofshot008.jpeg,三上悠亜の2作目「快感」の未公開オフショット
 三上悠亜,http://ww3.sinaimg.cn/large/8e6e9936jw1esjgurlg9xj20qs0zq0za.jpg,画像 : 三上悠亜のかわいい画像まとめ - NAVER まとめ
 三上悠亜,http://pic.prepics-cdn.com/321420846486/13777333.jpeg,Images of 三上悠亜 - JapaneseClass.jp
 三上悠亜,http://fighter16.com/wp-content/uploads/2015/05/557dfb3f44207433f8c63f31da2f47ef1.jpg,「三上悠亜」の検索結果 - Yahoo!検索（画像）
 三上悠亜,http://jonny.click/wp-content/uploads/2016/11/Cp6KmyDVYAAPqNm.jpg,SKEからセクシー女優に転身の三上悠亜、ギャラやNEWS・手越との ...
 三上悠亜,http://www.officiallyjd.com/wp-content/uploads/2017/11/20171106_kinoshitamomoka_21.jpg,三上悠亜 | 毒女ニュース
 三上悠亜,http://i0.wp.com/dxbeppin-r.com/wp-content/uploads/2016/01/02-2.jpg?resize=680%2C907,MUTEKIスーパーアイドル・三上悠亜ちゃん最新インタビュー ...
 三上悠亜,https://entameclip.com/wp-content/uploads/2016/04/img20160413muscat2.jpg,第2世代「恵比寿★マスカッツ」 新メンバー加入発表でスタジオ ...
 三上悠亜,https://scontent-sea1-1.cdninstagram.com/t51.2885-15/s480x480/e35/21879586_873241876168055_6442299310179614720_n.jpg?ig_cache_key=MTM3MzgyOTk2OTYwNDQ4NzM4MQ%3D%3D.2,三上悠亜 (@yua_mikami) | Instagram photos and videos
 三上悠亜,http://contents.oricon.co.jp/photo/img/1000/1834/detail/img660/1460427795888.jpg,【最高級風俗マンション】アイドル美女の奉仕テクニックに ...
 三上悠亜,https://s-media-cache-ak0.pinimg.com/originals/53/b8/e5/53b8e5b6d5a37d5fd3b72c31c8d61ba2.jpg,Yua Mikami (三上悠亜)↩☾それはすぐに私は行くべきである。 ∑(O ...
 三上悠亜,https://pbs.twimg.com/media/CYQuW0-UwAAv7Ke.jpg,"minamino on Twitter: ""三上悠亜ちゃん ズバ王のときのオフショット ..."
 三上悠亜,https://pbs.twimg.com/media/CqGnXJgWYAEZx-f.jpg,#三上悠亜生誕祭 hashtag on Twitter
 三上悠亜,https://textream-cimg.west.edge.storage-yahoo.jp/c7/56/1160005299-355a1cddd2ab7836b50c8b2111f4b994/40/f42f9bcd79ecad8d773d3fc5da7d4a4f.jpg,No.4023 三上悠亜 - 黒猫の日記部屋（笑） - 野球実況掲示板 - textream
 三上悠亜,http://omaira.net/wordpress/wp-content/uploads/2016/12/20161225_mikami2.jpg,【逃げ恥】三上悠亜ちゃんがサンタコスで恋ダンス！
 三上悠亜,https://i.ytimg.com/vi/p66aQrD0uN0/maxresdefault.jpg,「三上悠亜」の検索結果 - Yahoo!検索（画像）
 三上悠亜,https://s-media-cache-ak0.pinimg.com/736x/54/b9/94/54b9948c5a3689d1e28a54e6558a98ed--swimsuit-bikini.jpg,37 件の「「三上悠亜」のアイデア探し - Pinterest」のおすすめ ...
 三上悠亜,http://ecx.images-amazon.com/images/I/51hk7nxWVVL.jpg,三上悠亜 女子校生アイドルと放課後にエッチしよっ -写真集ナビ
 三上悠亜,http://img.ylq.com/2015/1216/thumb_540_400_20151216022906457.png,三上悠亜 Av | 東京のおっぱい
 三上悠亜,https://pbs.twimg.com/media/Cg2hNU-U4AAooX8.jpg,FLASH オフショット 三上悠亜｜AKB48グル－プwith乃木坂46と、一部 ...
 三上悠亜,http://livedoor.4.blogimg.jp/garlsvip/imgs/1/a/1ac72697.jpg,newsplus: 【悲報】元アイドルでセクシー女優三上悠亜、乃木坂の ...
 三上悠亜,https://media.image.infoseek.co.jp/isnews/photos/thetv/thetv_123973_0-enlarge.jpg,三上悠亜が柏原収史相手に“パパ活”!?「甘い蜜にはわながある ...
 三上悠亜,https://pbs.twimg.com/media/CWj8vjwUAAIyGu7.jpg,三上悠亜 1st写真集「Here you are」 オフショット2｜AKB48グル－プ ...
 三上悠亜,http://pic.prepics-cdn.com/129c9cfb1adb3/50505336.jpeg,「三上悠亜」の検索結果 - 原寸画像検索
 三上悠亜,http://contents.oricon.co.jp/photo/img/1000/1834/detail/img660/1460427776618.jpg,「三上悠亜」の検索結果 - Yahoo!検索（画像）
 三上悠亜,https://s-media-cache-ak0.pinimg.com/originals/b5/56/d5/b556d5fc0a4cbd79d9274540c961ddd9.jpg,유아 미카미 (三上悠亜) 할리 퀸 분장 | Woman's Fashion & Style ...
 三上悠亜,http://i2.wp.com/dxbeppin-r.com/wp-content/uploads/2016/11/Cw45FxKUQAEuWAK.jpg?resize=576%2C1024,高橋しょう子＆三上悠亜 オフショット｜AKB48グル－プwith乃木坂 ...
 三上悠亜,https://i.pinimg.com/originals/fc/8c/af/fc8cafc772dd6cd022d08c3d069167e9.jpg,Yua Mikami (三上悠亜)↩☾それはすぐに私は行くべきである。 ∑(O ...
 三上悠亜,http://blog-imgs-80.fc2.com/m/i/h/mihimalive4/150606ktm033.jpg,元・SKE48メンの鬼頭桃菜が「三上悠亜」に改名してガチ本番AV ...
 三上悠亜,https://pbs.twimg.com/media/CeFoF29UAAAtsE3.jpg,tweet : 三上悠亜！ 三上悠亜！ 三上悠亜！ - NAVER まとめ
 三上悠亜,http://www.tokyo-sports.co.jp/wp-content/uploads/2016/10/be7ec2d0738df33c98c55f86fe5b9ffe.jpg,三上悠亜
 三上悠亜,http://img.recordchina.co.jp/thumbs/m720/201703/201703_mikami01.jpg,大人気のセクシー女優・三上悠亜、アイドル復帰した「恵比寿 ...
 三上悠亜,https://pbs.twimg.com/media/CaLlKlAUUAEr06y.jpg,ツインテール 画像 三上悠亜 | AKB48グル－プwith乃木坂46と、一部 ...
 三上悠亜,https://stat.ameba.jp/user_images/20170111/03/terarin-rin/d1/22/j/o0480056813842840394.jpg?caw=800,【似顔絵】三上悠亜さん | ここうごの日々
 三上悠亜,http://ww1.sinaimg.cn/large/8e6e9936jw1eud27y8ce2j20db0hs40y.jpg,「三上悠亜」の検索結果 - Yahoo!検索（画像）
 三上悠亜,https://pbs.twimg.com/media/CW1ag8bU4AEtl0z.jpg,三上悠亜 1st写真集「Here you are」 オフショット5｜AKB48グル－プ ...
 三上悠亜,https://attach.mobile01.com/attach/201602/mobile01-b7ebad98e6a353aca5193929528ae242.jpg,閒聊與趣味 - 有沒有人覺得三上悠亞長的很像辜莞允？ - 生活 ...
 三上悠亜,http://eplus.jp/images/20170707214046052.jpg,三上悠亜 生誕祭2017|イベント/ショー/ライブのチケット情報 ...
 三上悠亜,https://pbs.twimg.com/media/CnsG9w3UsAAGxzC.jpg,ヤングチャンピオン オフショット 三上悠亜 | AKB48グル－プwith ...
 三上悠亜,https://yadolee.com/data/file/jjalbang/2084226876_1478583570.2651.jpg,"미카미 유아(三上悠亜, みかみ ゆあ) > 짤방 게시판 | 루루네 가족 ..."
 三上悠亜,http://anal-matome.com/wp-content/uploads/2015/06/2_204449298-498x281.jpg,「三上悠亜」の検索結果 - 原寸画像検索
 三上悠亜,https://s-media-cache-ak0.pinimg.com/originals/47/07/fb/4707fbee2a0441e5d72fa797d5bd21f7.jpg,Yua Mikami (三上悠亜)↩☾それはすぐに私は行くべきである。 ∑(O ...
 三上悠亜,https://pbs.twimg.com/media/Cuc16foVIAAUzek.jpg:large,#三上悠亜 (@yua_mikami)｜暇してます -y(￣Д￣)｡oO 。世の中は忙し ...
 三上悠亜,https://www.sankei.com/images/news/161121/ent1611210005-p2.jpg,貯金は億単位！？AV女優転身組のギャラ事情 三上悠亜、高橋 ...
 三上悠亜,http://wing-auctions.c.yimg.jp/sim?furl=auctions.c.yimg.jp/images.auctions.yahoo.co.jp/image/ra126/users/5/6/2/5/salem_light_one-img441x599-1460179437yk0jpz25172.jpg&dc=1&sr.fs=20000,ヤフオク! - 「三上 悠亜 サイン」の落札相場 - 新品、中古品 ...
 三上悠亜,http://ertk.net/imgs/2016/03/2016-0301-5-25-pc.jpg,元SKE三上悠亜が4作目で24時間主観ハメ撮り生活の新作公開w ...
 三上悠亜,https://www.tokyo-sports.co.jp/wp-content/uploads/2016/11/be7ec2d0738df33c98c55f86fe5b9ffe.jpg,三上悠亜
 三上悠亜,http://auctions.c.yimg.jp/images.auctions.yahoo.co.jp/image/ra120/users/1/2/3/3/momonamazunosato-img600x450-1460905599v4avjz32573.jpg,Images of 三上悠亜 - JapaneseClass.jp
 三上悠亜,http://livedoor.blogimg.jp/ladymatome/imgs/1/2/12c60f40.jpg,SKEからAV転身の三上悠亜、「泥酔キス」「AVギャラ事情」告白 ...
 三上悠亜,http://img.shblog.jp/album/negisoku/%E3%81%BF%E3%81%8B%E3%81%BF%E3%82%86%E3%81%82.jpg,【画像あり】三上悠亜の握手会に参じたヲタがシャレになって ...
 三上悠亜,https://www.shosen.co.jp/wp-content/uploads/2016/11/IMG_6140-830x664.jpg,三上悠亜さん 2017年カレンダー発売記念イベント（神保町） - 書 ...
 三上悠亜,https://pbs.twimg.com/media/CmCcYAqUgAE8V28.jpg,#可愛くて死ぬ hashtag on Twitter
 三上悠亜,https://scontent-sea1-1.cdninstagram.com/vp/d61a5937b0d4ec3ac0f3e3aa4e87441c/5B2BB6A4/t51.2885-15/s480x480/e35/21909174_507810439576981_4307303528700837888_n.jpg?ig_cache_key=MTIxODEzNjkzNjE0NDk1MDg4Nw%3D%3D.2,三上悠亜 (@yua_mikami) | Instagram photos and videos
 三上悠亜,http://up.gc-img.net/post_img_web/2016/12/c31c971bb594ff53d89b05678315a1b5_637.jpeg,三上悠亜の“恋ダンス”大反響、急上昇1位に | ガールズ ...
 三上悠亜,http://sometimelater99.com/wp-content/uploads/2015/05/fghjghk.jpeg,三上悠亜三上悠亜エロ投稿画像564枚
 三上悠亜,http://livedoor.blogimg.jp/riarutaimuzu38-mira/imgs/7/8/784904fb.jpg,三上悠亜の画像 p1_26
 三上悠亜,https://news-img.dwango.jp/wp-content/uploads/2016/08/SGP_9298.jpg,恵比寿★マスカッツ 三上悠亜が半ベソに追い込まれた理由 | ド ...
 三上悠亜,http://img.akb48mato.com/wp-content/uploads/2016/12/41621/unnamed-file.png,【衝撃画像】元SKE48 三上悠亜さん、ほぼ紅白衣装でav作品出演 ...
 三上悠亜,http://kai-you.net/r/img/a/620x/160727_kmh_0004_2.jpg,【水着グラビア】元アイドル／セクシー女優 三上悠亜 水泳大会 ...
 三上悠亜,http://auctions.wing.c.yimg.jp/sim?furl=auctions.c.yimg.jp/images.auctions.yahoo.co.jp/image/ra184/users/6/0/8/6/honokayui02-org-1433940946648642&dc=1&sr.fs=20000,ヤフオク! - 「三上悠亜」の検索結果
 三上悠亜,http://stat.ameba.jp/user_images/20160524/21/meganehoupuri/81/58/j/o0600045013654657043.jpg?caw=800,恵比寿マスカッツ 都内移動 三上悠亜さん｜めがねのブログ
 三上悠亜,https://fashion-j.com/wp-content/uploads/2017/10/%E4%B8%89%E4%B8%8A%E6%82%A0%E4%BA%9C.jpg,三上悠亜 | ファッション
 三上悠亜,http://livedoor.blogimg.jp/satocchi_satocchi-sonouchi/imgs/f/9/f9bfd9e8.jpg,Images of 三上悠亜 - JapaneseClass.jp
 三上悠亜,https://im2-a.mbokimg.dena.ne.jp/0/7/464/488985464.1.jpg,「三上悠亜」の検索結果 - Yahoo!検索（画像）
 三上悠亜,http://pbs.twimg.com/media/CWgJYxHUEAAYmDP.jpg,三上悠亜のAVのギャラは1本3000万円 - NAVER まとめ
 三上悠亜,https://pbs.twimg.com/media/CVHmxSQUAAAr2RM.jpg,(18禁-未滿18歲勿進回覆) 「第一次就3P！」前SKE48成員三上悠亜2016 ...
 三上悠亜,https://pbs.twimg.com/media/CdReEsMUsAAnD3H.jpg,週刊実話 オフショット 三上悠亜｜AKB48グル－プwith乃木坂46と ...
 三上悠亜,https://wing-auctions.c.yimg.jp/sim?furl=auctions.c.yimg.jp/images.auctions.yahoo.co.jp/image/dr000/auc0211/users/6/9/1/9/endscapexrockers-img450x600-1478180888xuxouf9039.jpg&dc=1&sr.fs=20000,ヤフオク! - 「三上悠亜 生写真」の落札相場 - 新品、中古品 ...
 三上悠亜,http://pbs.twimg.com/media/CD5bMJOWYAAN6Us.jpg,【やはり】元ske48鬼頭桃菜が「三上悠亜」に改名してmuteki ...
 三上悠亜,https://pbs.twimg.com/media/Cy-WBOXUoAA4INc.jpg,三上悠亜 (@yua_mikami) | Twitter
 三上悠亜,https://im9-a.mbokimg.dena.ne.jp/3/7/335/491455335.1.jpg,三上悠亜 L判写真1枚☆G-3 | 新品・中古のオークション モバオク
 三上悠亜,http://spice.eplus.jp/images/VaWmEX3w4E035d71b368XqTvb3I925xeyivlTmOxbEA29b0Fyvmp6Iu0eUUxFUgQ,三上悠亜｜e＋（イープラス）チケット販売・予約
 三上悠亜,https://media.image.infoseek.co.jp/isnews/photos/thetv/thetv_75149_0.jpg,くまモンのニュース - 恵比寿★マスカッツ新メンバー！三上悠 ...
 三上悠亜,https://i1.wp.com/wadai-today.com/wp-content/uploads/2016/11/kiss.png?fit=452%2C412,三上悠亜と手越祐也は何回も〇〇！？現在の彼氏は？性格が ...
 三上悠亜,http://erogazou-pinkline.com/wp-content/uploads/2015/10/kitoh_momona-977-002.jpg,三上悠亜としてAVデビューしたSKE48鬼頭桃菜の自撮り画像 - エロ ...
 三上悠亜,http://www.zakzak.co.jp/entertainment/ent-news/images/20170409/enn1704091000002-p1.jpg,【旬アイドル】恵比寿マスカッツ・三上悠亜、得意のセクC ...
 三上悠亜,http://sharetube.jp/assets/img/article/image/image_84320.jpg,【セクシー女優 】 三上悠亜の画像集！！セクシーでかわいい ...
 三上悠亜,http://livedoor.blogimg.jp/zerohp/imgs/7/5/7509e0dd.jpg,【元SKE48】三上悠亜がガチファンとS X解禁！全オタクが夢見た ...
 三上悠亜,https://i.pinimg.com/originals/bc/13/57/bc135754b1eb810ea0d736dfe0792e12.jpg,Yua Mikami 三上悠亜 | GANDUL GANDUL | Pinterest | Asian
 三上悠亜,https://pbs.twimg.com/media/Cy-WAabVEAAsKe8.jpg,三上悠亜 (@yua_mikami) | Twitter
 三上悠亜,http://ecx.images-amazon.com/images/I/41%2BkDGC4NHL._SL500_AA300_.jpg,画像 : 三上悠亜(鬼頭桃菜) ヘアーヌード⇒MUTEKIデビュー！♥ ...
 三上悠亜,https://pbs.twimg.com/media/CUagAB6UAAA9qh_.jpg:large,【情報】復活第二章！三上悠亜再送4炮！-S頻道
 三上悠亜,https://pbs.twimg.com/media/CouzMg6VUAABQ90.jpg,"AKB Mix! on Twitter: ""48鬼頭桃菜さん(三上悠亜)…SKE時代の衝撃事実を ..."
 三上悠亜,http://img.erogazou-pinkline.com/wp-content/uploads/2015/10/kitoh_momona-977-015.jpg,三上悠亜としてAVデビューしたSKE48鬼頭桃菜の自撮り画像 | エロ ...
 三上悠亜,http://mikamiyua.jp/site/wp-content/uploads/2016/11/mikamiyua_gallery_018.jpg,MIKAMI YUA for YOURS – 三上悠亜 OFFICIAL SITE
 三上悠亜,https://pbs.twimg.com/media/Co0xIqYUMAEOaxn.jpg,tweet : 三上悠亜！ 三上悠亜！ 三上悠亜！ - NAVER まとめ
 三上悠亜,https://prt.iza.ne.jp/kiji/entertainments/images/161126/ent16112620000029-p1.jpg,貯金は億単位！？AV女優転身組のギャラ事情 三上悠亜、高橋 ...
 三上悠亜,http://image.yodobashi.com/product/100/000/009/002/349/154/100000009002349154_10204.jpg,ヨドバシ.com - Princess Peach 三上悠亜 [DVD] 通販【全品無料配達】
 三上悠亜,http://eromasamune.com/wp-content/uploads/2016/11/Zwischenablage23-2-300x300.jpg,元SKE48鬼頭桃奈――AV嬢「三上悠亜」に転身した理由は「やり ...
 三上悠亜,http://blog-imgs-85.fc2.com/2/c/h/2chxvideos/2016021501213433f.jpg,【秋葉原ソフマップ】三上悠亜の東京初イベント！ AV女優2chまとめ
 三上悠亜,https://pbs.twimg.com/media/DQlFvDrVoAA0E6Z.jpg,三上悠亜 (@yua_mikami) | Twitter
 三上悠亜,https://s-media-cache-ak0.pinimg.com/originals/e8/65/54/e8655476c906e0743b5f60f704e245c4.jpg,Yua Mikami (三上悠亜)↩☾それはすぐに私は行くべきである。 ∑(O ...
 三上悠亜,http://livedoor.blogimg.jp/tangomin/imgs/1/b/1baf1c9c.jpg,【悲報】三上悠亜のガチファン感謝祭モノの新作、DMMレビュー ...
 三上悠亜,https://i.pinimg.com/originals/26/6d/e7/266de7144dfc106d3669f098815f4aa9.jpg,Mikami Yua ／ 三上悠亜 | Yua Mikami - 三上悠亜 | Pinterest | Japanese girl ...
 三上悠亜,http://xn--o1q12cny0da5lq37e7yu.com/wp-content/uploads/2017/01/1460427792628.jpg,三上悠亜の生足（生脚）・太ももの画像をまとめみた ...
 三上悠亜,http://sharetube.jp/assets/img/article/image/image_84204.jpg,【セクシー女優 】 三上悠亜の画像集！！セクシーでかわいい ...
 三上悠亜,http://livedoor.blogimg.jp/ge_sewa_news-xxx/imgs/0/2/02e1b96a.jpg,セクシー女優・三上悠亜さん、乃木坂46のコスプレwww - アイドル ...
 三上悠亜,https://pbs.twimg.com/media/CjH2h4DXEAA9xXe.jpg,最高級5つ星のDVDオフショット 三上悠亜 | AKB48グル－プwith乃木坂 ...
 三上悠亜,https://s-media-cache-ak0.pinimg.com/736x/77/49/aa/7749aa0c438468cebbd92de31121c40e.jpg,25 件の「「Yua Mikami」のアイデア探し - Pinterest」のおすすめ画像 ...
 三上悠亜,http://www.eronuki.net/wp-content/uploads/2016/01/721981833d40231409bbe0d8f1870512.jpg,Images of 三上悠亜 - JapaneseClass.jp
 三上悠亜,http://static.pinky-media.jp/matome/file/parts/I0010048/ab46d5a03ebd42c61556a95ee80406bf.jpg,【AV堕ち】元SKE三上悠亜（鬼頭桃菜）画像・流出写真！MUTEKI ...
 三上悠亜,http://intervalues3.com/k/kitou24.jpg,鬼頭桃菜（三上悠亜）の画像 水着画像107枚 ＠アイドルセクシー ...
 三上悠亜,https://news.biglobe.ne.jp/entertainment/0115/5966472888/nrn_20180115003_thum630.jpg,三上悠亜がピュアな“初恋”語る｜BIGLOBEニュース
 三上悠亜,https://s-media-cache-ak0.pinimg.com/originals/06/09/bc/0609bc36debbf8e241de7b5e449a7cdf.jpg,三上悠亜 (@yua_mikami) | Twitter | 中日美女 | Pinterest | Twitter
 三上悠亜,https://news-img.dwango.jp/wp-content/uploads/2016/10/46f4cd7eee9746891fd8c29eb3e05d6a.jpg,高橋しょう子、三上悠亜、桃乃木かな人気セクシー女優が三大 ...
 三上悠亜,https://www.tokyo-sports.co.jp/wp-content/uploads/2016/05/be7ec2d0738df33c98c55f86fe5b9ffe.jpg,三上悠亜
 三上悠亜,https://ssl-ustat.amebame.com/exc/1483665430605/53utG.JPG?size=640,三上悠亜の恋ダンスが最高！… - 2017/1/6 10:17の投稿 | Mitsuo Minakawa ...
 三上悠亜,https://stat.ameba.jp/user_images/20170505/14/skawapanda/64/22/j/o0480083813929773577.jpg?caw=800,「三上悠亜」の検索結果 - Yahoo!検索（画像）
 三上悠亜,https://img.fril.jp/img/94037648/l/264496687.jpg?1501895174,「三上悠亜」の検索結果 - Yahoo!検索（画像）
 三上悠亜,http://intervalues3.com/k/kitou27.jpg,鬼頭桃菜（三上悠亜）の画像 水着画像80枚 ＠アイドルセクシー ...
 三上悠亜,https://www.shosen.co.jp/wp-content/uploads/2017/07/t9f_170806mikamisan1-466x700.jpg,『らぶぱら 三上悠亜』発売記念 三上悠亜さん 撮影＆商品お ...
 三上悠亜,http://ecx.images-amazon.com/images/I/51rMTfC-SxL._SY445_.jpg,【元SKE48】三上悠亜（鬼頭桃菜） 画像集♡ - NAVER まとめ
 三上悠亜,http://i0.wp.com/dxbeppin-r.com/wp-content/uploads/2016/01/IMG_9250.jpg?resize=680%2C1020,三上悠亜ちゃんがあのアイドルダンスを披露！！｜AKB48グル－プ ...
 三上悠亜,http://kai-you.net/r/img/a/620x/160727_kmh_0039_2.jpg,【水着グラビア】元アイドル／セクシー女優 三上悠亜 水泳大会 ...
 三上悠亜,http://ws-fe.amazon-adsystem.com/widgets/q?_encoding=UTF8&ASIN=B006JLN24K&Format=_SL250_&ID=AsinImage&MarketPlace=JP&ServiceVersion=20070822&WS=1&tag=amzzak-22,三上悠亜、引退撤回？ | BlueEarth
 三上悠亜,https://scontent-sea1-1.cdninstagram.com/t51.2885-15/s480x480/e35/21911123_118193255534903_5748480341744549888_n.jpg?ig_cache_key=MTM2NDYxNjU0MzQzNDgxNTE4OA==.2,三上悠亜 (@yua_mikami) | Instagram photos and videos
 三上悠亜,http://kai-you.net/images/a/2016/07/7d9a2a8d43fb629d7d00428a30989c09.jpg,【水着グラビア】AV女優 三上悠亜 水泳大会で巨乳が瞬く ...
 三上悠亜,http://s.eximg.jp/exnews/feed/Shueishapn/Shueishapn_20160430_64736_1.jpg,[写真] 「第2世代・恵比寿★マスカッツ」に超強力新人、市川 ...
 三上悠亜,https://pbs.twimg.com/media/CWEsejqU8AAxZ7d.jpg,「第一次就3P！」前SKE48成員三上悠亜2016最強處女AV通訊情報 -
 三上悠亜,http://contents.oricon.co.jp/photo/img/1000/1834/detail/img660/1460427787061.jpg,「三上悠亜」の検索結果 - Yahoo!検索（画像）
 三上悠亜,https://s-media-cache-ak0.pinimg.com/736x/5f/56/a2/5f56a28e861c61c92324c8112da83047--asian-woman-schoolgirl.jpg,56 件の「「三上悠亜」のアイデア探し - Pinterest」のおすすめ ...
 三上悠亜,http://pic.prepics-cdn.com/129c9cfb1adb3/50505337.jpeg,「三上悠亜」の検索結果 - 原寸画像検索
 三上悠亜,https://i.ytimg.com/vi/HRA9-ZeqY64/hqdefault.jpg,三上悠亜(鬼頭桃菜) ヘアーヌード⇒MUTEKIデビュー！♥ポロリ ...
 三上悠亜,https://stat.ameba.jp/user_images/20160205/00/mayu1117/53/7e/p/o0800112813558622503.png?caw=800,浦和 女の尻好き集まれ！ジョジョ！ダレノガレ明美！三上悠亜 ...
 三上悠亜,https://pbs.twimg.com/media/CrV82ReUEAUOXrr.jpg,三上悠亜 (@yua_mikami) | Twitter
 三上悠亜,http://livedoor.blogimg.jp/tokumeiwakuwaku/imgs/4/7/479fc75c-s.jpg,元SKE48鬼頭桃菜がヘアヌード全裸写真でMUTEKIデビュー!?三上悠亜 ...
 三上悠亜,https://pbs.twimg.com/media/CxXYURXUoAQqSft.jpg,三上悠亜 S1移籍！ (@monakakko) | Twitter
 三上悠亜,https://pbs.twimg.com/media/CXzVwrGUEAAF2A3.jpg,ひとみん (@clubkeiba009) | Twitter
 三上悠亜,http://wing-auctions.c.yimg.jp/sim?furl=auctions.c.yimg.jp/images.auctions.yahoo.co.jp/image/ra115/users/6/0/8/6/honokayui02-img315x450-1469904391hp9g2f21345.jpg&dc=1&sr.fs=20000,ヤフオク! - 「三上悠亜 生写真」の検索結果
 三上悠亜,http://wing-auctions.c.yimg.jp/sim?furl=auctions.c.yimg.jp/images.auctions.yahoo.co.jp/image/dr000/auc0211/users/6/9/1/9/endscapexrockers-img450x600-1478180831nvipt619723.jpg&dc=1&sr.fs=20000,ヤフオク! - 「マスカッツ 写真 三上」の検索結果
