佐々木希,http://www.officiallyjd.com/wp-content/uploads/2011/05/20110522_ninomiyasasaki_13.jpg,佐々木希 | 毒女ニュース
佐々木希,http://img5.blogs.yahoo.co.jp/ybi/1/95/ec/get2back2jojo2go2home/folder/364346/img_364346_4410405_1?1333464474,佐々木希 via animation on on on m
佐々木希,http://geinou-watcher.blog.so-net.ne.jp/_images/blog/_bcd/geinou-watcher/sasakinozomi_a07-9da79.jpg,佐々木 希 : 女優について語る佐々木希「今思うと最低だった ...
佐々木希,http://www.officiallyjd.com/wp-content/uploads/2014/09/20140915_anan_19.jpg,佐々木希 | 毒女ニュース
佐々木希,http://www.officiallyjd.com/wp-content/uploads/2012/06/20120627_satoumanabe_10.jpg,佐々木希 | 毒女ニュース
佐々木希,http://th82.xsrv.jp/wp-content/uploads/2015/04/tumblr_ngrfn8MKHc1r6pm02o1_1280.jpg,佐々木希のインスタは本物！？ | てぃーえいちはちにー.jp
佐々木希,http://nstimes.com/uploads/2015/04/12151406.jpeg,最も美しい顔100人に選ばれた佐々木希のプロフィールをまとめ ...
佐々木希,https://pbs.twimg.com/profile_images/425607887096795136/NPQifar8.jpeg,佐々木希 (@sa_nozomi_xxx) | Twitter
佐々木希,https://pbs.twimg.com/profile_images/2888599240/661dba1eedb42c5f7b4bbef7175f2dd6_400x400.png,佐々木希 - Page 1 - 画像検索 - ImageSeek
佐々木希,http://img5.blogs.yahoo.co.jp/ybi/1/53/a9/kazueyouko/folder/150047/img_150047_2984137_6?1327731000,佐々木希 ( 女性 ) - ミンすけのブログ - Yahoo!ブログ
佐々木希,http://ignite.jp/wp-content/uploads/2015/09/CCC2224.jpg,佐々木希&javfree.me.乃々果花
佐々木希,http://mdpr.jp/photo/images/2015/06/22/w292c-e_1731406.jpg,「佐々木希」の検索結果 - Yahoo!検索（画像）
佐々木希,http://www.officiallyjd.com/wp-content/uploads/2011/07/20110705_maeda_18.jpg,佐々木希 | 毒女ニュース
佐々木希,http://livedoor.blogimg.jp/rbkyn844/imgs/6/a/6a43c6fa.jpg,【AKB48リクエストアワー2015】谷口めぐが「永遠プレッシャー ...
佐々木希,http://s3-ap-northeast-1.amazonaws.com/topicks/article_thumb/14361_original.jpg,【憧れ】佐々木希のマネしたい髪型を集めてみました ...
佐々木希,http://blog-imgs-43.fc2.com/o/n/a/onapet/nozomi_wyj20130108_08.jpg,愛しのオナペット |佐々木希 ヤングジャンプ
佐々木希,http://kurisurf.info/wp-content/uploads/2014/04/sasakinozomi%EF%BC%92.jpg,佐々木希がハンバーグ（ハート）を二宮和也に！？ヤンキー山 ...
佐々木希,http://stat.profile.ameba.jp/profile_images/20091103/00/c8/0c/j/o067610241257174164164.jpg,佐佐木希 日本模特 佐々木希モバイル BLOG - Mr.Dμ的日志 - 网易博客
佐々木希,http://crazyslot777.com/wp-content/uploads/2015/04/f2ad96f0a0db52edb82eb0a1eb8dcea5.jpg,佐々木希は元ヤンキー！水着画像や性格は？熱愛彼氏は二宮 ...
佐々木希,http://www.officiallyjd.com/wp-content/uploads/2013/04/20130429_sasakinozomi_08.jpg,佐々木希 | 毒女ニュース
佐々木希,http://www.officiallyjd.com/wp-content/uploads/2013/03/20130313_bitekikankaku_09.jpg,佐々木希 | 毒女ニュース
佐々木希,http://suzured.com/wp-content/uploads/2015/02/sasaki7.jpg,佐々木希の黒髪が可愛いと話題に！その理由を画像を見て検証 ...
佐々木希,http://www.officiallyjd.com/wp-content/uploads/2014/05/20140430_bijin_77.jpg,佐々木希 | 毒女ニュース
佐々木希,http://blogs.c.yimg.jp/res/blog-f1-88/bonbontaiya/folder/1551611/10/64707110/img_0,佐々木 希 ( 女性 ) - DALLOYAU - Yahoo!ブログ
佐々木希,http://five-stars.matrix.jp/wp/sasaki-b/024.jpg,FIVE STARS 佐々木希 壁紙1920×1080
佐々木希,http://www.officiallyjd.com/wp-content/uploads/2012/04/20120401_joyuu_39.jpg,佐々木希 | 毒女ニュース
佐々木希,http://www.takara-hanayome.com/wps/wp-content/uploads/sc175_01.jpg,佐々木希Collection | マリアージュタカラ【公式】新潟県内の ...
佐々木希,http://40.media.tumblr.com/03b71d97c5c6317d76d5fc8233de30e3/tumblr_mvfcnyjYIT1qbw5qso1_1280.jpg,本当はからっぽ - 佐々木希
佐々木希,https://www.j-cast.com/trend/images/2015/08/trend_20150831182844.jpg,佐々木希「私が35歳になったら...」 ピエトロ35周年イベントで ...
佐々木希,http://pic.prepics-cdn.com/7131/29756720.jpeg,【画像あり】清楚すぎる☆佐々木希の黒髪にみんなが大注目！
佐々木希,http://image.space.rakuten.co.jp/lg01/49/0000839549/28/imgb622f01fzik4zj.jpeg,佐々木希の下着姿がエロい！ : ここから行こう！
佐々木希,https://cdn.mdpr.jp/photo/images/ac/3a6/w700c-ez_5fdf154aa628a6aa81736c027acc8e28ed7e1898b120fa8f.jpg,佐々木希、29歳の誕生日の予定は - モデルプレス
佐々木希,http://livedoor.blogimg.jp/adult_pics/imgs/f/3/f3d51b29.jpg,STEP BY STEP
佐々木希,http://sasakidao.cocolog-nifty.com/photos/uncategorized/2008/02/12/suzuki003.jpg,佐々木希 / 画像一覧 - MusicHubz
佐々木希,https://stat.profile.ameba.jp/profile_images/20140626/17/13/hu/j/o064005921403772807780.jpg,佐々木希 オフィシャルブログのブログ
佐々木希,https://upload.wikimedia.org/wikipedia/commons/thumb/e/e5/Sasaki_Nozomi_from_%22My_Korean_Teacher%22_at_Opening_Ceremony_of_the_Tokyo_International_Film_Festival_2016_%2832829966293%29.jpg/1200px-Sasaki_Nozomi_from_%22My_Korean_Teacher%22_at_Opening_Ceremony_of_the_Tokyo_International_Film_Festival_2016_%2832829966293%29.jpg,佐々木希 - Wikipedia
佐々木希,http://i.ytimg.com/vi/6mgTf2bPf_I/maxresdefault.jpg,佐々木希投稿画像&nudismboy
佐々木希,http://www.bridal-sikou.jp/wp-content/uploads/sc262_02.jpg,佐々木希 | 和歌山｜貸衣裳 －紫光－
佐々木希,http://surfocean.xsrv.jp/wp-content/uploads/2016/04/noz1.jpg,佐々木希さん大政絢さんと有馬温泉からUSJ へ彼氏と？すっぴん ...
佐々木希,http://sptclandjp.s3-ap-northeast-1.amazonaws.com/img/blog/30001/org_images/import/18171438480.jpg,佐々木希投稿画像557枚&佐々木桃華美少女画像
佐々木希,http://articleimage.nicoblomaga.jp/image/270/2015/1/0/103da5b56819bda0d78ccffada900d3f3501c8311422118953.jpg,佐々木希「拉致されちゃった」イスラム「2億ドル」 - 芸能 ...
佐々木希,http://livedoor.blogimg.jp/kyousoku1/imgs/4/b/4b70d266.jpg,【速報】佐々木希に熱愛報道！相手はまさかのあのお笑い芸人 ...
佐々木希,http://blog-imgs-50-origin.fc2.com/h/a/p/happysmile0329/3404.jpg,佐々木希 - きれいなお姉さん。～グラビア写真集～
佐々木希,http://livedoor.4.blogimg.jp/kinisoku/imgs/e/f/efdb3d0f.jpg,佐々木希が整形疑惑を否定
佐々木希,https://cdn.mdpr.jp/photo/images/6c/92b/w700c-ez_a8c03ccf093539603b2c59cab2054519db6150f62a0c5a6c.jpg,結婚発表の佐々木希＆渡部建「イチャイチャはたまにする ...
佐々木希,http://livedoor.blogimg.jp/nanjsaikouya/imgs/b/8/b8b7881e.jpg,【画像あり】 佐々木希のスッピンBBA過ぎワロタwwwwwww : 兄弟分 ...
佐々木希,http://blog-imgs-68.fc2.com/o/n/a/onapet/nozomi_yym1405_05.jpg,愛しのオナペット |佐々木希 ヤンマガ
佐々木希,https://scontent.cdninstagram.com/t51.2885-15/e35/16230051_571302506409227_6434089149480828928_n.jpg,佐々木希 - Instagram写真（インスタグラム）「#ユニクロ#UNIQLO ...
佐々木希,http://livedoor.blogimg.jp/nemusoku/imgs/0/d/0d06b047.jpg,ざわちん＆梶の佐々木希のメイク方法 | GetBeauty
佐々木希,http://seikeikuchikomi.com/wp-content/uploads/2013/06/%E4%BD%90%E3%80%85%E6%9C%A8%E5%B8%8C%E3%80%80%E7%9B%AE.jpg,佐々木希のような目に美容整形するには？
佐々木希,https://cdn.mdpr.jp/photo/images/c5/c0e/w700c-ez_d6da5d6ae27036c9227b81bc14c0177ac574668b93fedfec.jpg,佐々木希の結婚発表で“希ロス”多発！「一週間休むレベル ...
佐々木希,http://www.officiallyjd.com/wp-content/uploads/2014/09/20140909_nglist_10.png,佐々木希 | 毒女ニュース
佐々木希,https://img.cinematoday.jp/a/N0088418/_size_1200x/_v_1482116700/main.jpg,佐々木希、兄とのツーショット公開！「めっちゃイケメン」と ...
佐々木希,http://pic.prepics-cdn.com/pib33104396/2355998.jpeg,佐々木希の出演時間
佐々木希,http://mdpr.jp/photo/images/2016/02/10/w600c-e_1974241.jpg,佐々木希“ほぼすっぴん”に自信「すごく新鮮でした ...
佐々木希,http://www.bridal-sikou.jp/wp-content/uploads/sc216_02.jpg,カラードレス 佐々木希 | 和歌山｜貸衣裳 －紫光－
佐々木希,http://haircatalog-images-cached.appnt.me/hairstyles/310/4249/ll5cfe316bd990eccfb743874854b99ce2.jpg,佐々木希投稿画像115枚
佐々木希,http://up.gc-img.net/post_img_web/2014/01/64434b8a4d03dac8c4e2bd330c27e2af_329.jpeg,佐々木希がCMするハイビジョンが撮影できるカメラがすごい性能 ...
佐々木希,http://cdn.fashionsnap.com/news/images/2017/02/uniqlo_001.jpg,【動画】ユニクロがワイヤレスブラの新作発売、佐々木希をCMに ...
佐々木希,https://www.j-cast.com/images/2017/07/news_20170726130029.jpg,佐々木希「エプロン妻」写真に... 「渡部になりたい」「渡部 ...
佐々木希,http://geinoukamen.com/wp-content/uploads/2015/05/o0666059810401144754.jpg,佐々木希 昔ヤンキー説の真相を探る | 芸能仮面
佐々木希,http://pic.prepics-cdn.com/6b86c00c54bc3/52660028.jpeg,佐々木希投稿画像164枚&nudismboy
佐々木希,http://www.bridal-sikou.jp/wp-content/uploads/sc188_026.jpg,カラードレス 佐々木希 | 和歌山｜貸衣裳 －紫光－
佐々木希,https://pbs.twimg.com/media/C4DOcwlVYAAV3gu.jpg,佐々木希 ユニクロCM『恥かしい…』ぷるんと美胸ワイヤレス ...
佐々木希,http://img.geinou-img.com/daisuki/enta/2016_0118_01/33.jpg,佐々木希 エロ画像40枚 佐々木希の貧乳水着＆白黒変態下着画像 ...
佐々木希,http://xn--zck8ci9591bzonbkq1xt.com/wp-content/uploads/2014/06/sasakinozomi-40-ahd.jpg,佐々木希：無料スマホ壁紙7 | スマホ壁紙無料.com
佐々木希,http://static.pinky-media.jp/matome/file/parts/I0000237/748a5de8336d2f3af53ff17ceaa64b99.jpg,佐々木希の卒アルが流出！本名は？整形疑惑の真相は？ | Pinky ...
佐々木希,http://www.officiallyjd.com/wp-content/uploads/2011/12/20111203_gochi_25.jpg,佐々木希投稿画像157枚
佐々木希,http://sptclandjp.s3-ap-northeast-1.amazonaws.com/img/blog/30001/org_images/20160229/56d3bc26e3c69.jpg,佐々木希オフィシャルブログ
佐々木希,http://pic.prepics-cdn.com/be25c18d98908/41414471.jpeg,佐々木希 / 画像一覧 - MusicHubz
佐々木希,http://blog-imgs-53.fc2.com/i/d/o/idolgirl2/sasaki_nozomi_g043.jpg,佐々木希 -アイドル画像庫-
佐々木希,http://erogazou-pinkline.com/wp-content/uploads/2015/10/sasaki_nozomi-1429-077.jpg,佐々木希の過激でセクシーな高画質グラビア画像 - エロ画像 PinkLine
佐々木希,http://files.qwe.jp/fwvga/4463549435_d480571138_o.jpg,画像 : 佐々木希のすっぴんがヤバイ!? 美しすぎるがゆえの苦悩 ...
佐々木希,http://1.bp.blogspot.com/-F7itHrUpNyE/TwTG7_LI0xI/AAAAAAAAD0c/YXBF0JsWP-Y/s1600/sasaskino+%252811%2529.jpg,アイドル画像写真集room: 佐々木希-写真集
佐々木希,http://blog-imgs-56.fc2.com/a/k/b/akberogazou/a1498.jpg,佐々木希 セクシー カメラ目線 ランジェリー 下着 おっぱいの ...
佐々木希,http://www.bridal-sikou.jp/wp-content/uploads/sc216_01.jpg,カラードレス 佐々木希 | 和歌山｜貸衣裳 －紫光－
佐々木希,http://images.china.cn/attachement/jpg/site1004/20120803/000cf1bdd04811859e7216.jpg,佐々木希のヌード写真大量流出 報復か？(写真集)_中国網_日本語
佐々木希,https://mdpr.jp/photo/images/2016/02/10/w342c-e_1974325.jpg,佐々木希“ほぼすっぴん”に自信「すごく新鮮でした ...
佐々木希,https://pbs.twimg.com/profile_images/449692409866113024/uoSjNEQd.jpeg,佐々木希bot (@_nozmi_bot) | Twitter
佐々木希,http://livedoor.blogimg.jp/entamepeep-pirori2ch/imgs/f/9/f9f9dac1.jpg,佐々木希 via 佐々木希 via 佐々木希が劣化… |
佐々木希,https://mchammercojp.files.wordpress.com/2014/04/1556288.jpg,15 | 6月 | 2014 | T.P.P.B.A
佐々木希,http://jonny.tokyo/wp-content/uploads/2016/11/maxresdefault-1-10.jpg,佐々木希、アンジャッシュ渡部との交際報道イジられ笑顔 結婚 ...
佐々木希,https://pbs.twimg.com/profile_images/1412616463/nozomi.png,佐々木希 (@SasakiNozomibot) | Twitter
佐々木希,http://jpg.jpn.org/ibbs/img/8b84717423263d96ac88994eaf65b619.jpg,佐々木希 壁紙
佐々木希,http://userdisk.webry.biglobe.ne.jp/004/911/03/N000/000/000/128524747252216118271.jpg,佐々木希一番かわいい画像 ロトラ－7/ウェブリブログ
佐々木希,http://syougai-geneki.cocolog-nifty.com/photos/uncategorized/2015/02/23/s12525601.jpg,佐々木希投稿画像156枚
佐々木希,https://beauty.hotpepper.jp/trend/2013spring/cp1209_collection/interview/images/int_main1.jpg,佐々木希インタビュー きれいのヒミツ | ホットペッパー ...
佐々木希,http://blog-imgs-43.fc2.com/o/n/a/onapet/nozomi_wyj20130108_04.jpg,愛しのオナペット |佐々木希 ヤングジャンプ
佐々木希,http://d1xt3jet61y36q.cloudfront.net/package/file/parts/60/530c486d8a19ddadc304486af2751a4d.jpg,佐々木希投稿画像156枚
佐々木希,http://www.officiallyjd.com/wp-content/uploads/2011/11/20111101_dangan_33.jpg,佐々木希 | 毒女ニュース
佐々木希,http://cm-watch.net/wp-content/uploads/2017/09/6f34b70abb0c281a109d8141e7e66973.jpg,タイガー魔法瓶 GRAND Xグランエックスシリーズ「リクエスト」篇 ...
佐々木希,http://www.officiallyjd.com/wp-content/uploads/2013/06/20130604_masuwakatsubasa_20.jpg,佐々木希 | 毒女ニュース
佐々木希,http://livedoor.3.blogimg.jp/amosaic/imgs/0/7/0749849b.jpg,佐々木希 via 佐々木希 via 佐々木希 via 佐々
佐々木希,http://www.officiallyjd.com/wp-content/uploads/2015/01/20150102_seikei_27.jpg,佐々木希 | 毒女ニュース
佐々木希,http://blog-imgs-30.fc2.com/n/o/z/nozomigravurereview/nozomi242_xz7g10.jpg,佐々木希グラビアレビュー 2010年08月
佐々木希,https://pbs.twimg.com/profile_images/550328485885911041/zYeIUU56.jpeg,佐々木 希(Nozomi Sasaki) (@fakenozomi) | Twitter
佐々木希,https://fancy-inc.com/wp/wp-content/uploads/2017/05/SC602-2.jpg,佐々木希コレクション ドレスギャラリー
佐々木希,http://blog-imgs-41-origin.fc2.com/k/o/i/koipetengoku/20090629035236b0d.jpg,佐々木希 -お宝画像掲示板-
佐々木希,http://pic.prepics-cdn.com/dandelionman/18252086.jpeg,佐々木希
佐々木希,http://up.gc-img.net/post_img_web/2014/05/1c6fded36b2df52e8bf2dbd66b79f415_18174.jpeg,"佐々木希 ""右目下に腫れ""が… 嵐・二宮和也にDV疑惑 | ガールズ ..."
佐々木希,http://static.pinky-media.jp/matome/file/parts/I0010804/d694d293b5002ccb136e091aa0b2567b.jpg,佐々木希の父親の噂の真相！ヤンキーで自殺していた？家族の ...
佐々木希,https://cdn.mdpr.jp/photo/images/34/6e9/w700c-ez_9df39619b187101e290ebc6cd03e80671ee1e15f037f8d2c.jpg,佐々木希「今日だけ」前髪ありヘアに絶賛「天使だ…」「新鮮 ...
佐々木希,http://blog-imgs-61.fc2.com/o/o/i/ooiotakara/20130831_1108_013.jpg,佐々木希 圧倒的に可愛いすぎる笑顔とぺったんおっぱい ...
佐々木希,http://blog-imgs-54.fc2.com/i/d/o/idolll/nozomi_sasaki_030.jpg,佐々木希エロすぎるwwwwwwwww アイドルの楽園
佐々木希,http://pic.prepics-cdn.com/11120613/16491545.jpeg,佐々木希
佐々木希,https://mdpr.jp/photo/images/2016/09/29/w342_2eb145589d6acbab377128bc50e1afa4a4c41413fb7413a1.jpg,佐々木希、ペアルックに興味津々？ファッションのこだわりと ...
佐々木希,http://pic.prepics-cdn.com/yukinkosan/30500097.jpeg,佐々木希投稿画像164枚&nudismboy
佐々木希,http://blog-imgs-29.fc2.com/d/e/a/deachao/20111023193057369.jpg,女優フェチの館 佐々木希
佐々木希,http://blog-imgs-61.fc2.com/o/o/i/ooiotakara/20131204_0926_011.jpg,佐々木希 可愛すぎる色白ぺったんおっぱいの谷間セクシー画像 ...
佐々木希,http://www.zhlzw.com/sj/UploadFiles_9645/201107/20110712221251817.jpg,グリッピングハンド [佐々木希]
佐々木希,http://pic.prepics-cdn.com/yuiyui4785/34264333.jpeg,佐々木希投稿画像156枚
佐々木希,http://www.officiallyjd.com/wp-content/uploads/2013/09/20130907_honda.26.jpg,佐々木希 | 毒女ニュース
佐々木希,http://www.bridal-sikou.jp/wp-content/uploads/sc215_011.jpg,ドレス 佐々木希
佐々木希,http://blog-imgs-58.fc2.com/d/o/u/dousoku/sasakinozomi_141107a079a.jpg,佐々木希｜美乳や美脚を高画質でどうぞ！水着エロ画像125枚｜AV ...
佐々木希,http://www.takara-hanayome.com/wps/wp-content/uploads/sc215_02.jpg,佐々木希Collection | マリアージュタカラ【公式】新潟県内の ...
佐々木希,http://image.space.rakuten.co.jp/lg01/06/0000276306/19/img8e97cbeazikczj.jpeg,佐々木希｜秘密の扉 夢を現実へと導いてくれる人生。優しい ...
佐々木希,http://i.huffpost.com/gen/2791984/images/o-SASAKI-NOZOMI-facebook.jpg,佐々木希
佐々木希,https://pbs.twimg.com/profile_images/516987713413578752/dMJBEWtH.jpeg,佐々木希ch (@Nozo_min_) | Twitter
佐々木希,http://nobon.me/wp-content/uploads/2015/08/sasakinozomi-025.jpg,[1920×1080] 厳選Mac壁紙 43 – 美人百景 / 佐々木希 – 15枚 #applejp # ...
佐々木希,http://blog-imgs-21.fc2.com/i/d/o/idolentertainment/20080528061358.jpg,acid jazz mansee - 【黄昏領域】佐々木希
佐々木希,http://up.gc-img.net/post_img_web/2013/06/f10f91518c6d27a853052ae2aa377b64_8890.jpeg,佐々木希の変顔、かわえええwww | ガールズちゃんねる - Girls Channel -
佐々木希,http://sptclandjp.s3-ap-northeast-1.amazonaws.com/img/blog/30001/org_images/import/20517122565.jpg,佐々木希オフィシャルブログ
佐々木希,https://cdn-ak.f.st-hatena.com/images/fotolife/k/k_nali/20160830/20160830224808.jpg,佐々木希の身長・体重大公開！スリーサイズのほか熱愛彼氏の ...
佐々木希,http://stat.ameba.jp/user_images/20130413/21/game2-0/fb/2e/p/o0768102412499186242.png,モデル・佐々木希 : こじるりが始球式で大暴投！？話題の ...
佐々木希,http://www.bridal-sikou.jp/wp-content/uploads/sc181_016.jpg,センス抜群！佐々木希プロデュースのドレスがあるって知って ...
佐々木希,http://4.bp.blogspot.com/-isVprivahzY/Tuiui_yIuVI/AAAAAAAACVw/1Ux34fQhyVE/s1600/%25E4%25BD%2590%25E3%2580%2585%25E6%259C%25A8+%25E5%25B8%258C%252C+%25E3%2581%2595%25E3%2581%2595%25E3%2581%258D+%25E3%2581%25AE%25E3%2581%259E%25E3%2581%25BF+1.jpg,"Asian Models Factory: 佐々木 希, ささき のぞみ"
佐々木希,http://1.bp.blogspot.com/_50U0tyzGwIE/TAYDLSYzkcI/AAAAAAAAAno/xReV2mafCxQ/s1600/02-03.jpg,Manga Blog: Nozomi Sasaki (佐々木希)
佐々木希,http://www.officiallyjd.com/wp-content/uploads/2014/04/20140412_sasaki_24.jpg,佐々木希 | 毒女ニュース
佐々木希,http://blog-imgs-10-origin.fc2.com/h/o/h/hohohoi01/nozomi005.jpg,佐々木希のおっぱいが楽しめるエッチな画像集 お宝ヌード有
佐々木希,http://erogazou-pinkline.com/wp-content/uploads/2015/10/sasaki_nozomi-1429-029.jpg,佐々木希の過激でセクシーな高画質グラビア画像 - エロ画像 PinkLine
佐々木希,http://blog-imgs-43.fc2.com/o/n/a/onapet/nozomi_wyj20130108_06.jpg,愛しのオナペット |佐々木希 ヤングジャンプ
佐々木希,http://s-bellkochan.com/wp-content/uploads/2014/11/o0800102912929813246.jpg,山崎あみ（withモデル）のwikiは？身長や体重もチェック！ | 調 ...
佐々木希,http://xn--eckyfna8731bop8c.jp/wp-content/uploads/2015/04/wpid-31f656ca.jpg,佐々木希208枚
佐々木希,http://livedoor.blogimg.jp/imagechan/imgs/3/b/3bcb3d90.jpg,佐々木希 白色水着
佐々木希,http://aikru.com/file/parts/1403/9cedd69d48a692231ad6cf797d13e9aa.jpg,佐々木希が彼氏・渡部建の子供を妊娠？ 結婚と現在までの2人 ...
佐々木希,http://intervalues6.com/s/sasaki15.jpg,佐々木希 画像（1）水着画像141枚 ＠アイドルセクシー画像集＆裏
佐々木希,http://2.bp.blogspot.com/-TBRAVx6fWXE/USm2fH45VeI/AAAAAAAAd80/G7VK-DpF0qo/s1600/Nozomi-Sasaki-Hot-Pictures-8.jpg,Nozomi Sasaki 佐々木希 Hot Pictures | Hot Sexy Beauty.Club
佐々木希,http://www.jin35y.jp/sasaki_nozomi_1/sasaki-nozomi-04.jpg,佐々木希壁紙 写真加工 イチゴ味 編集
佐々木希,http://i0.wp.com/holakikou.com/wp-content/uploads/2015/09/%E3%82%AB%E3%83%A1%E3%83%A9%E3%82%92%E3%81%AE%E3%81%9E%E3%81%8D%E8%BE%BC%E3%82%93%E3%81%A7%E3%81%84%E3%82%8B%E4%BD%90%E3%80%85%E6%9C%A8%E5%B8%8C.jpg,佐々木希のかわいい画像をまとめてみた.秋田出身の美人女優 ...
佐々木希,http://image.space.rakuten.co.jp/lg01/06/0000276306/11/img05810876zikazj.jpeg,佐々木希 via 画像 ☆佐々木希☆ 綺麗な女性です：）
佐々木希,http://www.officiallyjd.com/wp-content/uploads/2015/03/20150303_sasaki_28.jpg,佐々木希 | 毒女ニュース
佐々木希,http://www.officiallyjd.com/wp-content/uploads/2015/03/20150226_nagura_13.jpg,佐々木希 | 毒女ニュース
佐々木希,http://s3-ap-northeast-1.amazonaws.com/mery-list/40650/img8610578955979.jpg/original,佐々木希javfree.me.乃々果花投稿画像157枚
佐々木希,http://www.cinemacafe.net/imgs/p/ATDRThl-6oWF9fpps9341csCOg8ODQwLCgkI/277958.jpg,【画像】佐々木希、結婚後初の公の場で質問の嵐！ 指輪も式の ...
佐々木希,http://iverson.wpblog.jp/wp-content/uploads/2014/06/313c8a9e47928d1411ae3687f2926d4f-1024x788.jpg,ファーストクラスにでた佐々木希が劣化しない秘密 ...
佐々木希,http://www.officiallyjd.com/wp-content/uploads/2013/04/20130405_sasakinozomi_33.jpg,佐々木希 | 毒女ニュース
佐々木希,http://pic.prepics-cdn.com/t12345678909/12706018.jpeg,画像 : 「佐々木希」の噂 - NAVER まとめ
佐々木希,http://blog-imgs-68.fc2.com/d/o/u/dousoku/sasakinozomi140705bb013.jpg,佐々木希｜水着などエロかわいい画像集｜AV女優 エロ画像.com
佐々木希,http://blog-imgs-61.fc2.com/o/o/i/ooiotakara/20130831_1108_009.jpg,佐々木希 圧倒的に可愛いすぎる笑顔とぺったんおっぱい ...
佐々木希,http://www.topcoat.co.jp/sasaki-nozomi/images/main_img.jpg,佐々木希nudismboy投稿画像114枚
